cam,clock,file,station,window_start,window_end,edge,n_corners,spread,bw_IR,settled_run
CH01,15:09:25.6,150925.npz,T24,15:09:25,15:09:47,0,17,1,0,
CH01,15:09:27.5,150927.npz,T24,15:09:25,15:09:47,0,12,1,0,
CH01,15:09:57.5,150957.npz,T25,15:09:57,15:10:33,0,21,1,0,
CH01,15:09:59.6,150959.npz,T25,15:09:57,15:10:33,0,33,1,0,CH01-w14-r1
CH01,15:10:01.6,151001.npz,T25,15:09:57,15:10:33,0,42,1,0,CH01-w14-r1
CH01,15:10:03.5,151003.npz,T25,15:09:57,15:10:33,0,45,1,0,CH01-w14-r1
CH01,15:10:05.6,151005.npz,T25,15:09:57,15:10:33,0,34,1,0,CH01-w14-r1
CH01,15:10:15.6,151015.npz,T25,15:09:57,15:10:33,0,12,1,0,
CH01,15:10:17.6,151017.npz,T25,15:09:57,15:10:33,0,25,1,0,
CH01,15:10:19.6,151019.npz,T25,15:09:57,15:10:33,0,17,1,0,
CH01,15:10:21.6,151021.npz,T25,15:09:57,15:10:33,0,14,1,0,
CH01,15:10:23.6,151023.npz,T25,15:09:57,15:10:33,0,27,1,0,CH01-w14-r2
CH01,15:10:25.6,151025.npz,T25,15:09:57,15:10:33,0,30,1,0,CH01-w14-r2
CH01,15:10:27.6,151027.npz,T25,15:09:57,15:10:33,0,42,1,0,CH01-w14-r2
CH01,15:10:29.7,151029.npz,T25,15:09:57,15:10:33,0,17,1,0,
CH01,15:10:31.6,151031.npz,T25,15:09:57,15:10:33,0,26,1,0,
CH01,15:10:33.4,151033.npz,T25,15:09:57,15:10:33,1,20,1,0,
CH01,15:10:37.4,151037.npz,,,,0,36,1,0,
CH01,15:12:45.8,151245.npz,F23,15:12:45,15:13:11,0,12,1,0,
CH01,15:12:47.8,151247.npz,F23,15:12:45,15:13:11,0,16,1,0,
CH01,15:12:49.8,151249.npz,F23,15:12:45,15:13:11,0,63,1,0,
CH01,15:12:51.8,151251.npz,F23,15:12:45,15:13:11,0,64,1,0,CH01-w17-r1
CH01,15:12:53.8,151253.npz,F23,15:12:45,15:13:11,0,61,1,0,CH01-w17-r1
CH01,15:12:55.9,151255.npz,F23,15:12:45,15:13:11,0,66,1,0,CH01-w17-r1
CH01,15:12:57.8,151257.npz,F23,15:12:45,15:13:11,0,66,1,0,CH01-w17-r1
CH01,15:12:59.9,151259.npz,F23,15:12:45,15:13:11,0,74,1,0,CH01-w17-r1
CH01,15:13:01.9,151301.npz,F23,15:12:45,15:13:11,0,73,1,0,CH01-w17-r1
CH01,15:13:03.9,151303.npz,F23,15:12:45,15:13:11,0,73,1,0,CH01-w17-r1
CH01,15:13:05.9,151305.npz,F23,15:12:45,15:13:11,0,63,1,0,CH01-w17-r1
CH01,15:13:07.9,151307.npz,F23,15:12:45,15:13:11,0,80,1,0,CH01-w17-r1
CH01,15:13:09.9,151309.npz,F23,15:12:45,15:13:11,0,78,1,0,CH01-w17-r1
CH01,15:13:11.8,151311.npz,F23,15:12:45,15:13:11,1,29,1,0,CH01-w17-r1
CH01,15:13:23.8,151323.npz,V24,15:13:17,15:13:46,0,28,1,0,
CH01,15:13:48.6,151348.npz,,,,0,72,1,0,
CH01,15:15:13.9,151513.npz,T33,15:15:11,15:15:45,0,55,1,0,CH01-w21-r1
CH01,15:15:15.9,151515.npz,T33,15:15:11,15:15:45,0,48,1,0,CH01-w21-r1
CH01,15:15:17.9,151517.npz,T33,15:15:11,15:15:45,0,33,1,0,CH01-w21-r1
CH01,15:15:19.9,151519.npz,T33,15:15:11,15:15:45,0,30,1,0,
CH01,15:15:21.9,151521.npz,T33,15:15:11,15:15:45,0,50,1,0,
CH01,15:15:27.9,151527.npz,T33,15:15:11,15:15:45,0,64,1,0,CH01-w21-r2
CH01,15:15:29.9,151529.npz,T33,15:15:11,15:15:45,0,88,1,0,CH01-w21-r2
CH01,15:15:31.9,151531.npz,T33,15:15:11,15:15:45,0,88,1,0,CH01-w21-r2
CH01,15:15:33.9,151533.npz,T33,15:15:11,15:15:45,0,84,1,0,CH01-w21-r2
CH01,15:15:35.9,151535.npz,T33,15:15:11,15:15:45,0,84,1,0,CH01-w21-r2
CH01,15:15:37.9,151537.npz,T33,15:15:11,15:15:45,0,80,1,0,CH01-w21-r2
CH01,15:15:39.9,151539.npz,T33,15:15:11,15:15:45,0,88,1,0,CH01-w21-r2
CH01,15:15:41.9,151541.npz,T33,15:15:11,15:15:45,0,77,1,0,CH01-w21-r2
CH01,15:15:43.9,151543.npz,T33,15:15:11,15:15:45,0,88,1,0,CH01-w21-r2
CH01,15:15:45.9,151545.npz,T33,15:15:11,15:15:45,1,82,1,0,CH01-w21-r2
CH01,15:15:49.9,151549.npz,,,,0,20,1,0,
CH01,15:15:51.9,151551.npz,,,,0,17,1,0,
CH01,15:15:53.9,151553.npz,,,,0,25,1,0,
CH01,15:15:55.9,151555.npz,T34,15:15:57,15:16:26,1,40,1,0,
CH01,15:15:57.9,151557.npz,T34,15:15:57,15:16:26,0,38,1,0,CH01-w22-r1
CH01,15:15:59.9,151559.npz,T34,15:15:57,15:16:26,0,44,1,0,CH01-w22-r1
CH01,15:16:01.9,151601.npz,T34,15:15:57,15:16:26,0,52,1,0,CH01-w22-r1
CH01,15:16:03.9,151603.npz,T34,15:15:57,15:16:26,0,65,1,0,CH01-w22-r1
CH01,15:16:05.9,151605.npz,T34,15:15:57,15:16:26,0,63,1,0,CH01-w22-r1
CH01,15:16:08.0,151608.npz,T34,15:15:57,15:16:26,0,64,1,0,CH01-w22-r1
CH01,15:16:09.9,151609.npz,T34,15:15:57,15:16:26,0,62,1,0,CH01-w22-r1
CH01,15:16:10.8,151610.npz,T34,15:15:57,15:16:26,0,55,1,0,CH01-w22-r1
CH01,15:16:12.8,151612.npz,T34,15:15:57,15:16:26,0,65,1,0,CH01-w22-r1
CH01,15:16:14.8,151614.npz,T34,15:15:57,15:16:26,0,65,1,0,CH01-w22-r1
CH01,15:16:16.8,151616.npz,T34,15:15:57,15:16:26,0,59,1,0,CH01-w22-r1
CH01,15:16:18.8,151618.npz,T34,15:15:57,15:16:26,0,53,1,0,CH01-w22-r1
CH01,15:16:20.9,151620.npz,T34,15:15:57,15:16:26,0,62,1,0,CH01-w22-r1
CH01,15:16:22.8,151622.npz,T34,15:15:57,15:16:26,0,62,1,0,CH01-w22-r1
CH01,15:16:24.8,151624.npz,T34,15:15:57,15:16:26,0,61,1,0,CH01-w22-r1
CH01,15:18:05.2,151805.npz,F32,15:17:41,15:18:05,1,17,1,0,
CH01,15:18:07.2,151807.npz,,,,0,15,1,0,
CH01,15:18:08.9,151808.npz,,,,0,28,1,0,
CH01,15:18:12.8,151812.npz,V33,15:18:12,15:18:30,0,24,1,0,CH01-w26-r1
CH01,15:18:14.9,151814.npz,V33,15:18:12,15:18:30,0,72,1,0,CH01-w26-r1
CH01,15:18:16.8,151816.npz,V33,15:18:12,15:18:30,0,68,1,0,CH01-w26-r1
CH01,15:18:18.9,151818.npz,V33,15:18:12,15:18:30,0,72,1,0,CH01-w26-r1
CH01,15:18:20.8,151820.npz,V33,15:18:12,15:18:30,0,72,1,0,CH01-w26-r1
CH01,15:18:22.9,151822.npz,V33,15:18:12,15:18:30,0,70,1,0,CH01-w26-r1
CH01,15:18:24.9,151824.npz,V33,15:18:12,15:18:30,0,72,1,0,CH01-w26-r1
CH01,15:18:26.9,151826.npz,V33,15:18:12,15:18:30,0,72,1,0,CH01-w26-r1
CH01,15:18:28.9,151828.npz,V33,15:18:12,15:18:30,0,72,1,0,CH01-w26-r1
CH01,15:18:30.8,151830.npz,V33,15:18:12,15:18:30,1,72,1,0,CH01-w26-r1
CH01,15:18:46.8,151846.npz,,,,0,14,0,0,
CH01,15:18:48.8,151848.npz,F34,15:18:50,15:19:04,1,32,1,0,CH01-w27-r1
CH01,15:18:50.8,151850.npz,F34,15:18:50,15:19:04,0,66,1,0,CH01-w27-r1
CH01,15:18:52.8,151852.npz,F34,15:18:50,15:19:04,0,65,1,0,CH01-w27-r1
CH01,15:18:54.8,151854.npz,F34,15:18:50,15:19:04,0,69,1,0,CH01-w27-r1
CH01,15:18:56.8,151856.npz,F34,15:18:50,15:19:04,0,67,1,0,CH01-w27-r1
CH01,15:18:58.8,151858.npz,F34,15:18:50,15:19:04,0,65,1,0,CH01-w27-r1
CH01,15:19:01.0,151901.npz,F34,15:18:50,15:19:04,0,69,1,0,CH01-w27-r1
CH01,15:19:02.8,151902.npz,F34,15:18:50,15:19:04,0,71,1,0,CH01-w27-r1
CH01,15:19:04.8,151904.npz,F34,15:18:50,15:19:04,1,69,1,0,CH01-w27-r1
CH01,15:19:06.8,151906.npz,,,,0,13,1,0,
CH01,15:20:52.9,152052.npz,,,,0,23,1,0,
CH01,15:20:54.9,152054.npz,,,,0,26,1,0,
CH01,15:20:56.8,152056.npz,T43,15:20:58,15:21:12,1,32,1,0,
CH01,15:21:02.8,152102.npz,T43,15:20:58,15:21:12,0,32,1,0,CH01-w31-r1
CH01,15:21:04.8,152104.npz,T43,15:20:58,15:21:12,0,32,1,0,CH01-w31-r1
CH01,15:21:06.8,152106.npz,T43,15:20:58,15:21:12,0,32,1,0,CH01-w31-r1
CH01,15:21:08.8,152108.npz,T43,15:20:58,15:21:12,0,32,1,0,CH01-w31-r1
CH01,15:21:10.8,152110.npz,T43,15:20:58,15:21:12,0,32,1,0,CH01-w31-r1
CH01,15:21:12.8,152112.npz,T43,15:20:58,15:21:12,1,32,1,0,CH01-w31-r1
CH01,15:21:14.8,152114.npz,,,,0,15,1,0,
CH01,15:21:16.8,152116.npz,,,,0,15,1,0,
CH01,15:21:27.7,152127.npz,,,,0,12,1,0,
CH01,15:21:29.7,152129.npz,,,,0,16,1,0,
CH01,15:21:35.7,152135.npz,T44,15:21:35,15:21:44,0,17,1,0,CH01-w32-r1
CH01,15:21:37.7,152137.npz,T44,15:21:35,15:21:44,0,15,1,0,CH01-w32-r1
CH01,15:21:39.7,152139.npz,T44,15:21:35,15:21:44,0,17,1,0,CH01-w32-r1
CH01,15:21:41.1,152141.npz,T44,15:21:35,15:21:44,0,17,1,0,CH01-w32-r1
CH01,15:21:42.9,152142.npz,T44,15:21:35,15:21:44,0,17,1,0,CH01-w32-r1
CH01,15:21:44.9,152144.npz,T44,15:21:35,15:21:44,1,17,1,0,CH01-w32-r1
CH01,15:21:46.9,152146.npz,,,,0,13,1,0,
CH01,15:21:50.9,152150.npz,,,,0,17,1,0,
CH01,15:21:52.9,152152.npz,T45,15:21:54,15:22:20,1,16,1,0,
CH01,15:21:54.9,152154.npz,T45,15:21:54,15:22:20,0,18,1,0,CH01-w33-r1
CH01,15:21:57.0,152157.npz,T45,15:21:54,15:22:20,0,24,1,0,CH01-w33-r1
CH01,15:21:58.9,152158.npz,T45,15:21:54,15:22:20,0,24,1,0,CH01-w33-r1
CH01,15:22:00.9,152200.npz,T45,15:21:54,15:22:20,0,19,1,0,CH01-w33-r2
CH01,15:22:02.9,152202.npz,T45,15:21:54,15:22:20,0,25,1,0,CH01-w33-r2
CH01,15:22:06.9,152206.npz,T45,15:21:54,15:22:20,0,20,1,0,CH01-w33-r2
CH01,15:22:08.9,152208.npz,T45,15:21:54,15:22:20,0,27,1,0,CH01-w33-r2
CH01,15:22:10.9,152210.npz,T45,15:21:54,15:22:20,0,18,1,0,CH01-w33-r2
CH01,15:22:12.9,152212.npz,T45,15:21:54,15:22:20,0,17,1,0,
CH01,15:22:14.9,152214.npz,T45,15:21:54,15:22:20,0,12,1,0,
CH01,15:22:20.9,152220.npz,T45,15:21:54,15:22:20,1,17,1,0,
CH01,15:22:22.9,152222.npz,,,,0,15,1,0,
CH01,15:22:24.9,152224.npz,,,,0,87,1,0,
CH01,15:23:02.5,152302.npz,,,,0,16,1,0,
CH01,15:23:08.5,152308.npz,V42,15:23:08,15:23:16,0,65,1,0,CH01-w36-r1
CH01,15:23:10.6,152310.npz,V42,15:23:08,15:23:16,0,65,1,0,CH01-w36-r1
CH01,15:23:12.6,152312.npz,V42,15:23:08,15:23:16,0,65,1,0,CH01-w36-r1
CH01,15:23:14.6,152314.npz,V42,15:23:08,15:23:16,0,65,1,0,CH01-w36-r1
CH01,15:23:16.6,152316.npz,V42,15:23:08,15:23:16,1,65,1,0,CH01-w36-r1
CH01,15:23:18.6,152318.npz,,,,0,49,1,0,
CH01,15:23:20.5,152320.npz,,,,0,55,1,0,
CH01,15:23:22.5,152322.npz,F43,15:23:24,15:23:50,1,70,1,0,
CH01,15:23:24.6,152324.npz,F43,15:23:24,15:23:50,0,85,1,0,CH01-w37-r1
CH01,15:23:26.5,152326.npz,F43,15:23:24,15:23:50,0,81,1,0,CH01-w37-r1
CH01,15:23:28.6,152328.npz,F43,15:23:24,15:23:50,0,81,1,0,CH01-w37-r1
CH01,15:23:30.5,152330.npz,F43,15:23:24,15:23:50,0,81,1,0,CH01-w37-r1
CH01,15:23:32.5,152332.npz,F43,15:23:24,15:23:50,0,84,1,0,CH01-w37-r1
CH01,15:23:34.5,152334.npz,F43,15:23:24,15:23:50,0,74,1,0,CH01-w37-r1
CH01,15:23:36.6,152336.npz,F43,15:23:24,15:23:50,0,86,1,0,CH01-w37-r1
CH01,15:23:38.5,152338.npz,F43,15:23:24,15:23:50,0,84,1,0,CH01-w37-r1
CH01,15:23:40.6,152340.npz,F43,15:23:24,15:23:50,0,82,1,0,CH01-w37-r1
CH01,15:23:44.5,152344.npz,F43,15:23:24,15:23:50,0,79,1,0,CH01-w37-r1
CH01,15:23:46.5,152346.npz,F43,15:23:24,15:23:50,0,84,1,0,CH01-w37-r1
CH01,15:23:48.5,152348.npz,F43,15:23:24,15:23:50,0,79,1,0,CH01-w37-r1
CH01,15:23:50.5,152350.npz,F43,15:23:24,15:23:50,1,83,1,0,CH01-w37-r1
CH01,15:23:52.5,152352.npz,,,,0,32,1,0,
CH01,15:25:29.4,152529.npz,,,,0,87,1,0,
CH01,15:25:31.5,152531.npz,,,,0,84,1,0,
CH01,15:25:33.4,152533.npz,,,,0,88,1,0,
CH01,15:25:35.4,152535.npz,,,,0,88,1,0,
CH01,15:25:37.4,152537.npz,T53,15:25:37,15:25:47,0,87,1,0,CH01-w41-r1
CH01,15:25:39.4,152539.npz,T53,15:25:37,15:25:47,0,84,1,0,CH01-w41-r1
CH01,15:25:41.4,152541.npz,T53,15:25:37,15:25:47,0,88,1,0,CH01-w41-r1
CH01,15:25:43.5,152543.npz,T53,15:25:37,15:25:47,0,87,1,0,CH01-w41-r1
CH01,15:25:45.4,152545.npz,T53,15:25:37,15:25:47,0,88,1,0,CH01-w41-r1
CH01,15:25:47.5,152547.npz,T53,15:25:37,15:25:47,1,87,1,0,CH01-w41-r1
CH01,15:25:49.4,152549.npz,,,,0,64,1,0,
CH01,15:25:53.4,152553.npz,,,,0,21,1,0,
CH01,15:25:55.5,152555.npz,,,,0,59,1,0,
CH01,15:25:57.4,152557.npz,,,,0,59,1,0,
CH01,15:25:59.4,152559.npz,T54,15:25:59,15:26:13,0,66,1,0,CH01-w42-r1
CH01,15:26:01.4,152601.npz,T54,15:25:59,15:26:13,0,56,1,0,CH01-w42-r1
CH01,15:26:03.5,152603.npz,T54,15:25:59,15:26:13,0,71,1,0,CH01-w42-r1
CH01,15:26:05.5,152605.npz,T54,15:25:59,15:26:13,0,69,1,0,CH01-w42-r1
CH01,15:26:07.4,152607.npz,T54,15:25:59,15:26:13,0,67,1,0,CH01-w42-r1
CH01,15:26:09.4,152609.npz,T54,15:25:59,15:26:13,0,70,1,0,CH01-w42-r1
CH01,15:26:11.5,152611.npz,T54,15:25:59,15:26:13,0,72,1,0,CH01-w42-r1
CH01,15:26:13.5,152613.npz,T54,15:25:59,15:26:13,1,74,1,0,CH01-w42-r1
CH01,15:26:15.5,152615.npz,,,,0,24,1,0,
CH01,15:26:21.4,152621.npz,T55,15:26:21,15:26:46,0,16,1,0,
CH01,15:26:27.4,152627.npz,T55,15:26:21,15:26:46,0,13,1,0,
CH01,15:26:29.4,152629.npz,T55,15:26:21,15:26:46,0,19,1,0,
CH01,15:26:30.1,152630.npz,T55,15:26:21,15:26:46,0,22,1,0,
CH01,15:26:32.1,152632.npz,T55,15:26:21,15:26:46,0,18,1,0,
CH01,15:26:46.1,152646.npz,T55,15:26:21,15:26:46,1,13,1,0,
CH01,15:27:18.1,152718.npz,,,,0,53,1,0,
CH01,15:27:20.1,152720.npz,,,,0,37,1,0,
CH01,15:27:22.1,152722.npz,,,,0,37,1,0,
CH01,15:27:24.1,152724.npz,F52,15:27:24,15:27:44,0,27,1,0,
CH01,15:27:26.1,152726.npz,F52,15:27:24,15:27:44,0,31,1,0,CH01-w45-r1
CH01,15:27:28.1,152728.npz,F52,15:27:24,15:27:44,0,18,1,0,CH01-w45-r1
CH01,15:27:30.1,152730.npz,F52,15:27:24,15:27:44,0,35,1,0,CH01-w45-r1
CH01,15:27:32.2,152732.npz,F52,15:27:24,15:27:44,0,36,1,0,CH01-w45-r1
CH01,15:27:34.1,152734.npz,F52,15:27:24,15:27:44,0,33,1,0,CH01-w45-r1
CH01,15:27:36.2,152736.npz,F52,15:27:24,15:27:44,0,29,1,0,CH01-w45-r1
CH01,15:27:38.2,152738.npz,F52,15:27:24,15:27:44,0,30,1,0,CH01-w45-r1
CH01,15:27:40.1,152740.npz,F52,15:27:24,15:27:44,0,27,1,0,CH01-w45-r1
CH01,15:27:42.1,152742.npz,F52,15:27:24,15:27:44,0,14,1,0,CH01-w45-r1
CH01,15:27:44.1,152744.npz,F52,15:27:24,15:27:44,1,52,1,0,
CH01,15:27:46.1,152746.npz,,,,0,33,1,0,
CH01,15:27:48.1,152748.npz,,,,0,47,1,0,
CH01,15:27:50.1,152750.npz,V53,15:27:50,15:28:02,0,48,1,0,
CH01,15:27:51.9,152751.npz,V53,15:27:50,15:28:02,0,20,1,0,
CH01,15:27:54.0,152754.npz,V53,15:27:50,15:28:02,0,14,1,0,
CH01,15:27:57.9,152757.npz,V53,15:27:50,15:28:02,0,22,1,0,CH01-w46-r1
CH01,15:27:59.9,152759.npz,V53,15:27:50,15:28:02,0,41,1,0,CH01-w46-r1
CH01,15:28:02.0,152802.npz,V53,15:27:50,15:28:02,1,38,1,0,CH01-w46-r1
CH01,15:28:03.9,152803.npz,,,,0,66,1,0,
CH01,15:28:06.0,152806.npz,,,,0,66,1,0,
CH01,15:28:08.0,152808.npz,,,,0,79,1,0,
CH01,15:28:09.9,152809.npz,,,,0,80,1,0,
CH01,15:28:12.0,152812.npz,,,,0,46,1,0,
CH01,15:28:14.0,152814.npz,F54,15:28:14,15:28:24,0,39,1,0,
CH01,15:28:18.0,152818.npz,F54,15:28:14,15:28:24,0,25,1,0,
CH01,15:28:19.9,152819.npz,F54,15:28:14,15:28:24,0,20,1,0,
CH01,15:28:22.0,152822.npz,F54,15:28:14,15:28:24,0,15,1,0,
CH01,15:28:23.9,152823.npz,F54,15:28:14,15:28:24,0,13,1,0,
CH01,15:28:26.0,152826.npz,,,,0,59,1,0,
CH01,15:28:51.9,152851.npz,,,,0,31,1,0,
CH01,15:29:34.0,152934.npz,,,,0,15,1,0,
CH01,15:30:22.0,153022.npz,,,,0,40,1,0,
CH01,15:30:24.0,153024.npz,,,,0,47,1,0,
CH01,15:32:30.0,153230.npz,,,,0,19,1,0,
CH01,15:32:32.1,153232.npz,,,,0,31,1,0,
CH01,15:32:34.1,153234.npz,,,,0,66,1,0,
CH01,15:32:36.0,153236.npz,,,,0,50,1,0,
CH01,15:32:38.1,153238.npz,,,,0,55,1,0,
CH01,15:32:40.1,153240.npz,,,,0,39,1,0,
CH01,15:32:42.0,153242.npz,,,,0,57,1,0,
CH01,15:32:44.1,153244.npz,,,,0,52,1,0,
CH01,15:32:46.0,153246.npz,,,,0,54,1,0,
CH01,15:32:48.1,153248.npz,,,,0,45,1,0,
CH01,15:32:50.2,153250.npz,,,,0,43,1,0,
CH01,15:32:52.1,153252.npz,,,,0,51,1,0,
CH01,15:32:54.1,153254.npz,,,,0,46,1,0,
CH01,15:32:56.1,153256.npz,,,,0,52,1,0,
CH01,15:32:58.0,153258.npz,,,,0,59,1,0,
CH01,15:33:00.2,153300.npz,,,,0,55,1,0,
CH01,15:33:02.0,153302.npz,,,,0,67,1,0,
CH01,15:33:04.0,153304.npz,,,,0,63,1,0,
CH01,15:33:06.0,153306.npz,,,,0,72,1,0,
CH01,15:33:08.0,153308.npz,,,,0,67,1,0,
CH01,15:33:10.1,153310.npz,,,,0,61,1,0,
CH01,15:33:12.1,153312.npz,,,,0,50,1,0,
CH01,15:33:14.0,153314.npz,,,,0,61,1,0,
CH01,15:33:16.0,153316.npz,,,,0,59,1,0,
CH01,15:33:18.0,153318.npz,,,,0,54,1,0,
CH01,15:33:20.0,153320.npz,,,,0,54,1,0,
CH01,15:33:22.0,153322.npz,,,,0,60,1,0,
CH01,15:33:24.0,153324.npz,,,,0,71,1,0,
CH01,15:33:26.0,153326.npz,,,,0,65,1,0,
CH01,15:33:28.0,153328.npz,,,,0,58,1,0,
CH01,15:33:30.0,153330.npz,,,,0,62,1,0,
CH01,15:33:32.0,153332.npz,,,,0,69,1,0,
CH01,15:33:34.0,153334.npz,,,,0,77,1,0,
CH01,15:33:36.1,153336.npz,,,,0,67,1,0,
CH01,15:33:38.0,153338.npz,,,,0,68,1,0,
CH01,15:33:40.0,153340.npz,,,,0,67,1,0,
CH01,15:33:42.1,153342.npz,,,,0,71,1,0,
CH01,15:33:44.1,153344.npz,,,,0,70,1,0,
CH01,15:33:46.0,153346.npz,,,,0,60,1,0,
CH01,15:33:48.1,153348.npz,,,,0,69,1,0,
CH01,15:33:50.0,153350.npz,,,,0,63,1,0,
CH01,15:33:52.0,153352.npz,,,,0,69,1,0,
CH01,15:33:54.1,153354.npz,,,,0,63,1,0,
CH01,15:33:56.0,153356.npz,,,,0,73,1,0,
CH01,15:33:58.1,153358.npz,,,,0,69,1,0,
CH01,15:34:00.1,153400.npz,,,,0,53,1,0,
CH01,15:34:02.0,153402.npz,,,,0,64,1,0,
CH01,15:34:04.1,153404.npz,,,,0,73,1,0,
CH01,15:34:06.1,153406.npz,,,,0,55,1,0,
CH01,15:34:08.1,153408.npz,,,,0,67,1,0,
CH01,15:34:10.1,153410.npz,,,,0,67,1,0,
CH01,15:34:12.0,153412.npz,,,,0,44,1,0,
CH01,15:34:14.0,153414.npz,,,,0,72,1,0,
CH01,15:34:16.1,153416.npz,,,,0,71,1,0,
CH01,15:34:18.1,153418.npz,,,,0,73,1,0,
CH01,15:34:20.0,153420.npz,,,,0,69,1,0,
CH01,15:34:22.0,153422.npz,,,,0,60,1,0,
CH01,15:34:24.1,153424.npz,,,,0,69,1,0,
CH01,15:34:26.1,153426.npz,,,,0,69,1,0,
CH01,15:34:28.1,153428.npz,,,,0,70,1,0,
CH01,15:34:30.0,153430.npz,,,,0,70,1,0,
CH01,15:34:32.1,153432.npz,,,,0,57,1,0,
CH01,15:34:34.1,153434.npz,,,,0,52,1,0,
CH01,15:34:36.0,153436.npz,,,,0,63,1,0,
CH01,15:34:38.1,153438.npz,,,,0,66,1,0,
CH01,15:34:40.1,153440.npz,,,,0,62,1,0,
CH01,15:34:42.0,153442.npz,,,,0,69,1,0,
CH01,15:34:44.1,153444.npz,,,,0,70,1,0,
CH01,15:34:46.1,153446.npz,,,,0,71,1,0,
CH01,15:34:48.1,153448.npz,,,,0,51,1,0,
CH01,15:34:50.1,153450.npz,,,,0,66,1,0,
CH01,15:34:52.1,153452.npz,,,,0,71,1,0,
CH01,15:34:54.1,153454.npz,,,,0,67,1,0,
CH01,15:34:56.1,153456.npz,,,,0,73,1,0,
CH01,15:34:58.1,153458.npz,,,,0,67,1,0,
CH01,15:35:00.0,153500.npz,,,,0,66,1,0,
CH01,15:35:02.1,153502.npz,,,,0,69,1,0,
CH01,15:35:04.1,153504.npz,,,,0,74,1,0,
CH01,15:35:06.1,153506.npz,,,,0,68,1,0,
CH01,15:35:08.1,153508.npz,,,,0,68,1,0,
CH01,15:35:10.1,153510.npz,,,,0,67,1,0,
CH01,15:35:12.1,153512.npz,,,,0,73,1,0,
CH01,15:35:14.1,153514.npz,,,,0,75,1,0,
CH01,15:35:16.1,153516.npz,,,,0,69,1,0,
CH01,15:35:18.1,153518.npz,,,,0,69,1,0,
CH01,15:35:20.1,153520.npz,,,,0,65,1,0,
CH01,15:35:22.1,153522.npz,,,,0,64,1,0,
CH01,15:35:24.1,153524.npz,,,,0,75,1,0,
CH01,15:35:26.0,153526.npz,,,,0,73,1,0,
CH01,15:35:28.1,153528.npz,,,,0,66,1,0,
CH01,15:35:30.1,153530.npz,,,,0,71,1,0,
CH01,15:35:32.1,153532.npz,,,,0,75,1,0,
CH01,15:35:34.0,153534.npz,,,,0,77,1,0,
CH01,15:35:36.1,153536.npz,,,,0,75,1,0,
CH01,15:35:38.1,153538.npz,,,,0,77,1,0,
CH01,15:35:40.1,153540.npz,,,,0,78,1,0,
CH01,15:35:42.0,153542.npz,,,,0,75,1,0,
CH01,15:35:44.1,153544.npz,,,,0,77,1,0,
CH01,15:35:46.1,153546.npz,,,,0,75,1,0,
CH01,15:35:48.1,153548.npz,,,,0,79,1,0,
CH01,15:35:50.0,153550.npz,,,,0,75,1,0,
CH01,15:35:52.0,153552.npz,,,,0,66,1,0,
CH01,15:35:54.0,153554.npz,,,,0,73,1,0,
CH01,15:35:56.0,153556.npz,,,,0,67,1,0,
CH01,15:35:58.0,153558.npz,,,,0,46,1,0,
CH01,15:36:00.0,153600.npz,,,,0,71,1,0,
CH01,15:36:02.0,153602.npz,,,,0,69,1,0,
CH01,15:36:04.0,153604.npz,,,,0,69,1,0,
CH01,15:36:06.1,153606.npz,,,,0,49,1,0,
CH01,15:36:08.1,153608.npz,,,,0,65,1,0,
CH01,15:36:10.1,153610.npz,,,,0,63,1,0,
CH01,15:36:12.1,153612.npz,,,,0,71,1,0,
CH01,15:36:14.1,153614.npz,,,,0,73,1,0,
CH01,15:36:16.1,153616.npz,,,,0,77,1,0,
CH01,15:36:18.0,153618.npz,,,,0,77,1,0,
CH01,15:36:20.0,153620.npz,,,,0,75,1,0,
CH01,15:36:22.1,153622.npz,,,,0,77,1,0,
CH01,15:36:24.0,153624.npz,,,,0,61,1,0,
CH01,15:36:32.1,153632.npz,,,,0,25,1,0,
CH01,15:38:08.1,153808.npz,,,,0,15,1,0,
CH01,15:38:24.1,153824.npz,,,,0,60,1,0,
CH01,15:38:28.1,153828.npz,,,,0,29,1,0,
CH01,15:38:30.1,153830.npz,,,,0,70,1,0,
CH01,15:38:36.1,153836.npz,,,,0,55,1,0,
CH01,15:38:48.0,153848.npz,,,,0,78,1,0,
CH01,15:38:50.1,153850.npz,,,,0,53,1,0,
CH01,15:38:52.0,153852.npz,,,,0,55,1,0,
CH01,15:38:56.1,153856.npz,,,,0,56,1,0,
CH01,15:38:58.0,153858.npz,,,,0,17,1,0,
CH01,15:39:14.0,153914.npz,,,,0,28,1,0,
CH01,15:39:16.0,153916.npz,,,,0,59,1,0,
CH01,15:39:20.1,153920.npz,,,,0,50,1,0,
CH01,15:39:22.1,153922.npz,,,,0,74,1,0,
CH01,15:39:24.1,153924.npz,,,,0,82,1,0,
CH01,15:39:26.1,153926.npz,,,,0,39,1,0,
CH01,15:39:28.1,153928.npz,,,,0,48,1,0,
CH01,15:39:32.0,153932.npz,,,,0,59,1,0,
CH01,15:39:34.1,153934.npz,,,,0,75,1,0,
CH01,15:39:48.0,153948.npz,,,,0,80,1,0,
CH01,15:39:52.0,153952.npz,,,,0,65,1,0,
CH01,15:39:56.1,153956.npz,,,,0,88,1,0,
CH01,15:40:02.1,154002.npz,,,,0,88,1,0,
CH01,15:40:04.1,154004.npz,,,,0,81,1,0,
CH01,15:40:06.0,154006.npz,,,,0,84,1,0,
CH01,15:40:08.1,154008.npz,,,,0,14,1,0,
CH01,15:40:10.0,154010.npz,,,,0,63,1,0,
CH01,15:40:12.0,154012.npz,,,,0,82,1,0,
CH01,15:40:14.1,154014.npz,,,,0,84,1,0,
CH01,15:40:30.0,154030.npz,,,,0,81,1,0,
CH01,15:40:34.1,154034.npz,,,,0,88,1,0,
CH01,15:40:36.1,154036.npz,,,,0,72,1,0,
CH01,15:40:38.1,154038.npz,,,,0,86,1,0,
CH01,15:40:50.1,154050.npz,,,,0,75,1,0,
CH01,15:40:52.1,154052.npz,,,,0,79,1,0,
CH01,15:40:54.1,154054.npz,,,,0,46,1,0,
CH01,15:40:58.1,154058.npz,,,,0,76,1,0,
CH01,15:41:00.1,154100.npz,,,,0,83,1,0,
CH01,15:41:02.1,154102.npz,,,,0,83,1,0,
CH01,15:41:04.1,154104.npz,,,,0,35,1,0,
CH01,15:41:12.1,154112.npz,,,,0,37,1,0,
CH01,15:41:14.1,154114.npz,,,,0,36,1,0,
CH01,15:41:44.1,154144.npz,,,,0,52,1,0,
CH01,15:41:50.1,154150.npz,,,,0,24,1,0,
CH01,15:41:52.1,154152.npz,,,,0,17,1,0,
CH01,15:41:56.1,154156.npz,,,,0,19,1,0,
CH01,15:42:10.6,154210.npz,,,,0,26,1,0,
CH01,15:42:20.5,154220.npz,,,,0,21,1,0,
CH01,15:42:22.6,154222.npz,,,,0,19,1,0,
CH01,15:42:28.5,154228.npz,,,,0,25,1,0,
CH01,15:42:30.5,154230.npz,,,,0,25,1,0,
CH01,15:42:32.5,154232.npz,,,,0,39,1,0,
CH01,15:42:38.5,154238.npz,,,,0,12,1,0,
CH01,15:42:58.5,154258.npz,,,,0,21,1,0,
CH01,15:43:02.5,154302.npz,,,,0,23,1,0,
CH01,15:43:04.5,154304.npz,,,,0,14,1,0,
CH01,15:43:40.5,154340.npz,,,,0,49,1,0,
CH01,15:43:42.5,154342.npz,,,,0,50,1,0,
CH01,15:43:44.5,154344.npz,,,,0,16,1,0,
CH01,15:44:08.5,154408.npz,,,,0,14,1,0,
CH01,15:44:22.5,154422.npz,,,,0,53,1,0,
CH01,15:44:24.5,154424.npz,,,,0,36,1,0,
CH01,15:44:44.5,154444.npz,,,,0,54,1,0,
CH01,15:44:46.5,154446.npz,,,,0,40,1,0,
CH01,15:44:58.5,154458.npz,,,,0,36,1,0,
CH01,15:45:00.5,154500.npz,,,,0,32,1,0,
CH01,15:45:02.5,154502.npz,,,,0,19,1,0,
CH01,15:45:08.5,154508.npz,,,,0,21,1,0,
CH01,15:45:32.5,154532.npz,,,,0,86,1,0,
CH01,15:45:34.5,154534.npz,,,,0,64,1,0,
CH02,15:07:00.4,150700.npz,T21,15:06:42,15:07:08,0,13,1,0,
CH02,15:07:05.9,150705.npz,T21,15:06:42,15:07:08,0,12,1,0,
CH02,15:07:07.9,150707.npz,T21,15:06:42,15:07:08,0,12,1,0,
CH02,15:08:03.4,150803.npz,T22,15:07:14,15:08:53,0,12,1,1,
CH02,15:08:05.5,150805.npz,T22,15:07:14,15:08:53,0,13,1,1,
CH02,15:08:07.8,150807.npz,T22,15:07:14,15:08:53,0,19,1,1,CH02-w11-r1
CH02,15:08:09.8,150809.npz,T22,15:07:14,15:08:53,0,35,1,1,CH02-w11-r1
CH02,15:08:11.8,150811.npz,T22,15:07:14,15:08:53,0,25,1,1,CH02-w11-r1
CH02,15:11:59.2,151159.npz,,,,0,88,1,1,
CH02,15:12:01.2,151201.npz,V22,15:12:01,15:12:37,0,33,1,1,
CH02,15:12:03.2,151203.npz,V22,15:12:01,15:12:37,0,24,1,1,CH02-w16-r1
CH02,15:12:05.2,151205.npz,V22,15:12:01,15:12:37,0,16,1,1,CH02-w16-r1
CH02,15:12:07.4,151207.npz,V22,15:12:01,15:12:37,0,14,1,1,CH02-w16-r1
CH02,15:12:17.4,151217.npz,V22,15:12:01,15:12:37,0,13,1,1,CH02-w16-r2
CH02,15:12:19.5,151219.npz,V22,15:12:01,15:12:37,0,14,1,1,CH02-w16-r2
CH02,15:12:21.4,151221.npz,V22,15:12:01,15:12:37,0,14,1,1,CH02-w16-r2
CH02,15:12:23.4,151223.npz,V22,15:12:01,15:12:37,0,17,1,1,
CH02,15:12:25.4,151225.npz,V22,15:12:01,15:12:37,0,12,1,1,
CH02,15:12:27.5,151227.npz,V22,15:12:01,15:12:37,0,17,1,1,
CH02,15:12:35.5,151235.npz,V22,15:12:01,15:12:37,0,12,1,1,
CH02,15:12:37.4,151237.npz,V22,15:12:01,15:12:37,1,12,1,1,
CH02,15:12:38.9,151238.npz,,,,0,86,1,1,
CH02,15:12:40.9,151240.npz,,,,0,88,1,1,
CH02,15:12:42.9,151242.npz,,,,0,24,1,1,
CH02,15:12:44.9,151244.npz,F23,15:12:45,15:13:11,1,32,1,1,
CH02,15:12:46.9,151246.npz,F23,15:12:45,15:13:11,0,31,1,1,CH02-w17-r1
CH02,15:12:48.4,151248.npz,F23,15:12:45,15:13:11,0,41,1,1,CH02-w17-r1
CH02,15:12:50.4,151250.npz,F23,15:12:45,15:13:11,0,40,1,1,CH02-w17-r1
CH02,15:12:52.4,151252.npz,F23,15:12:45,15:13:11,0,37,1,1,CH02-w17-r1
CH02,15:12:54.5,151254.npz,F23,15:12:45,15:13:11,0,44,1,1,CH02-w17-r1
CH02,15:12:56.4,151256.npz,F23,15:12:45,15:13:11,0,41,1,1,CH02-w17-r1
CH02,15:12:58.5,151258.npz,F23,15:12:45,15:13:11,0,44,1,1,CH02-w17-r1
CH02,15:13:00.4,151300.npz,F23,15:12:45,15:13:11,0,41,1,1,CH02-w17-r1
CH02,15:13:02.4,151302.npz,F23,15:12:45,15:13:11,0,37,1,1,CH02-w17-r1
CH02,15:13:04.5,151304.npz,F23,15:12:45,15:13:11,0,41,1,1,CH02-w17-r1
CH02,15:13:06.4,151306.npz,F23,15:12:45,15:13:11,0,41,1,1,CH02-w17-r1
CH02,15:13:08.4,151308.npz,F23,15:12:45,15:13:11,0,44,1,1,CH02-w17-r1
CH02,15:13:10.4,151310.npz,F23,15:12:45,15:13:11,0,39,1,1,CH02-w17-r1
CH02,15:13:12.5,151312.npz,,,,0,12,1,1,
CH02,15:13:54.8,151354.npz,T31,15:13:54,15:14:31,0,36,1,0,
CH02,15:13:56.8,151356.npz,T31,15:13:54,15:14:31,0,39,1,0,CH02-w19-r1
CH02,15:13:58.6,151358.npz,T31,15:13:54,15:14:31,0,56,1,0,CH02-w19-r1
CH02,15:14:00.6,151400.npz,T31,15:13:54,15:14:31,0,69,1,0,CH02-w19-r1
CH02,15:14:02.6,151402.npz,T31,15:13:54,15:14:31,0,66,1,0,CH02-w19-r1
CH02,15:14:04.6,151404.npz,T31,15:13:54,15:14:31,0,64,1,0,CH02-w19-r1
CH02,15:14:06.5,151406.npz,T31,15:13:54,15:14:31,0,60,1,0,CH02-w19-r1
CH02,15:14:08.6,151408.npz,T31,15:13:54,15:14:31,0,66,1,0,CH02-w19-r1
CH02,15:14:10.6,151410.npz,T31,15:13:54,15:14:31,0,65,1,0,CH02-w19-r1
CH02,15:14:12.6,151412.npz,T31,15:13:54,15:14:31,0,62,1,0,CH02-w19-r1
CH02,15:14:14.5,151414.npz,T31,15:13:54,15:14:31,0,40,1,1,CH02-w19-r2
CH02,15:14:16.6,151416.npz,T31,15:13:54,15:14:31,0,59,1,1,CH02-w19-r2
CH02,15:14:18.6,151418.npz,T31,15:13:54,15:14:31,0,61,1,1,CH02-w19-r2
CH02,15:14:20.6,151420.npz,T31,15:13:54,15:14:31,0,67,1,1,CH02-w19-r2
CH02,15:14:22.6,151422.npz,T31,15:13:54,15:14:31,0,68,1,1,CH02-w19-r2
CH02,15:14:24.6,151424.npz,T31,15:13:54,15:14:31,0,68,1,1,CH02-w19-r2
CH02,15:14:26.6,151426.npz,T31,15:13:54,15:14:31,0,66,1,1,CH02-w19-r2
CH02,15:14:28.6,151428.npz,T31,15:13:54,15:14:31,0,72,1,1,CH02-w19-r2
CH02,15:14:30.2,151430.npz,T31,15:13:54,15:14:31,0,60,1,1,CH02-w19-r2
CH02,15:14:32.2,151432.npz,T31,15:13:54,15:14:31,1,59,1,1,CH02-w19-r2
CH02,15:14:36.2,151436.npz,T32,15:14:37,15:15:03,1,68,1,1,
CH02,15:14:38.2,151438.npz,T32,15:14:37,15:15:03,0,66,1,1,
CH02,15:14:40.2,151440.npz,T32,15:14:37,15:15:03,0,67,1,1,
CH02,15:14:42.2,151442.npz,T32,15:14:37,15:15:03,0,76,1,1,
CH02,15:14:44.7,151444.npz,T32,15:14:37,15:15:03,0,68,1,1,CH02-w20-r1
CH02,15:14:46.7,151446.npz,T32,15:14:37,15:15:03,0,57,1,1,CH02-w20-r1
CH02,15:14:48.7,151448.npz,T32,15:14:37,15:15:03,0,64,1,1,CH02-w20-r1
CH02,15:14:50.8,151450.npz,T32,15:14:37,15:15:03,0,58,1,1,CH02-w20-r1
CH02,15:14:52.8,151452.npz,T32,15:14:37,15:15:03,0,58,1,1,CH02-w20-r1
CH02,15:14:54.7,151454.npz,T32,15:14:37,15:15:03,0,57,1,1,CH02-w20-r1
CH02,15:14:56.8,151456.npz,T32,15:14:37,15:15:03,0,57,1,1,CH02-w20-r1
CH02,15:14:58.7,151458.npz,T32,15:14:37,15:15:03,0,57,1,1,CH02-w20-r1
CH02,15:15:00.8,151500.npz,T32,15:14:37,15:15:03,0,61,1,1,CH02-w20-r1
CH02,15:15:02.7,151502.npz,T32,15:14:37,15:15:03,0,58,1,1,CH02-w20-r1
CH02,15:15:04.7,151504.npz,,,,0,29,1,1,
CH02,15:15:06.7,151506.npz,,,,0,75,1,1,
CH02,15:15:08.7,151508.npz,,,,0,48,1,1,
CH02,15:15:10.7,151510.npz,T33,15:15:11,15:15:45,1,33,1,1,
CH02,15:15:11.3,151511.npz,T33,15:15:11,15:15:45,0,33,1,1,CH02-w21-r1
CH02,15:15:13.3,151513.npz,T33,15:15:11,15:15:45,0,79,1,1,CH02-w21-r1
CH02,15:15:15.3,151515.npz,T33,15:15:11,15:15:45,0,76,1,1,CH02-w21-r1
CH02,15:15:17.2,151517.npz,T33,15:15:11,15:15:45,0,46,1,1,CH02-w21-r1
CH02,15:15:19.3,151519.npz,T33,15:15:11,15:15:45,0,59,1,1,
CH02,15:15:21.3,151521.npz,T33,15:15:11,15:15:45,0,59,1,1,
CH02,15:15:23.2,151523.npz,T33,15:15:11,15:15:45,0,81,1,1,
CH02,15:15:27.2,151527.npz,T33,15:15:11,15:15:45,0,27,1,0,CH02-w21-r2
CH02,15:15:29.2,151529.npz,T33,15:15:11,15:15:45,0,22,1,0,CH02-w21-r2
CH02,15:15:31.2,151531.npz,T33,15:15:11,15:15:45,0,31,1,0,CH02-w21-r2
CH02,15:15:33.2,151533.npz,T33,15:15:11,15:15:45,0,31,1,0,CH02-w21-r2
CH02,15:15:35.3,151535.npz,T33,15:15:11,15:15:45,0,22,1,0,CH02-w21-r2
CH02,15:15:37.2,151537.npz,T33,15:15:11,15:15:45,0,73,1,1,CH02-w21-r2
CH02,15:15:39.2,151539.npz,T33,15:15:11,15:15:45,0,83,1,1,CH02-w21-r2
CH02,15:15:41.2,151541.npz,T33,15:15:11,15:15:45,0,85,1,1,CH02-w21-r2
CH02,15:15:43.2,151543.npz,T33,15:15:11,15:15:45,0,77,1,1,CH02-w21-r2
CH02,15:15:45.3,151545.npz,T33,15:15:11,15:15:45,1,85,1,1,CH02-w21-r2
CH02,15:15:47.2,151547.npz,,,,0,32,1,1,
CH02,15:17:05.8,151705.npz,,,,0,68,1,1,
CH02,15:17:07.8,151707.npz,,,,0,50,1,1,
CH02,15:17:09.9,151709.npz,,,,0,53,1,1,
CH02,15:17:10.7,151710.npz,,,,0,66,1,1,
CH02,15:17:12.8,151712.npz,V31,15:17:13,15:17:35,1,62,1,1,
CH02,15:17:14.8,151714.npz,V31,15:17:13,15:17:35,0,65,1,1,CH02-w24-r1
CH02,15:17:16.7,151716.npz,V31,15:17:13,15:17:35,0,67,1,1,CH02-w24-r1
CH02,15:17:18.8,151718.npz,V31,15:17:13,15:17:35,0,64,1,1,CH02-w24-r1
CH02,15:17:20.8,151720.npz,V31,15:17:13,15:17:35,0,68,1,1,CH02-w24-r1
CH02,15:17:22.7,151722.npz,V31,15:17:13,15:17:35,0,68,1,1,CH02-w24-r1
CH02,15:17:24.7,151724.npz,V31,15:17:13,15:17:35,0,64,1,1,CH02-w24-r1
CH02,15:17:26.7,151726.npz,V31,15:17:13,15:17:35,0,67,1,1,CH02-w24-r1
CH02,15:17:28.7,151728.npz,V31,15:17:13,15:17:35,0,60,1,1,CH02-w24-r1
CH02,15:17:30.7,151730.npz,V31,15:17:13,15:17:35,0,66,1,1,CH02-w24-r1
CH02,15:17:32.7,151732.npz,V31,15:17:13,15:17:35,0,68,1,1,CH02-w24-r1
CH02,15:17:34.8,151734.npz,V31,15:17:13,15:17:35,0,63,1,1,CH02-w24-r1
CH02,15:17:36.8,151736.npz,,,,0,13,1,1,
CH02,15:17:38.7,151738.npz,,,,0,61,1,1,
CH02,15:17:40.7,151740.npz,F32,15:17:41,15:18:05,1,66,1,1,
CH02,15:17:42.8,151742.npz,F32,15:17:41,15:18:05,0,81,1,1,
CH02,15:17:44.7,151744.npz,F32,15:17:41,15:18:05,0,85,1,1,
CH02,15:17:46.8,151746.npz,F32,15:17:41,15:18:05,0,81,1,1,CH02-w25-r1
CH02,15:17:48.8,151748.npz,F32,15:17:41,15:18:05,0,84,1,1,CH02-w25-r1
CH02,15:17:50.7,151750.npz,F32,15:17:41,15:18:05,0,84,1,1,CH02-w25-r1
CH02,15:17:52.8,151752.npz,F32,15:17:41,15:18:05,0,86,1,1,CH02-w25-r1
CH02,15:17:54.8,151754.npz,F32,15:17:41,15:18:05,0,84,1,1,CH02-w25-r1
CH02,15:17:56.8,151756.npz,F32,15:17:41,15:18:05,0,84,1,1,CH02-w25-r1
CH02,15:17:58.8,151758.npz,F32,15:17:41,15:18:05,0,84,1,1,CH02-w25-r1
CH02,15:18:00.8,151800.npz,F32,15:17:41,15:18:05,0,86,1,1,CH02-w25-r1
CH02,15:18:02.7,151802.npz,F32,15:17:41,15:18:05,0,86,1,1,CH02-w25-r1
CH02,15:18:04.7,151804.npz,F32,15:17:41,15:18:05,0,76,1,1,
CH02,15:19:10.7,151910.npz,,,,0,54,1,1,
CH02,15:19:18.8,151918.npz,,,,0,18,1,1,
CH02,15:19:20.8,151920.npz,T41,15:19:22,15:19:26,1,16,1,1,CH02-w28-r1
CH02,15:19:22.8,151922.npz,T41,15:19:22,15:19:26,0,21,1,1,CH02-w28-r1
CH02,15:19:24.8,151924.npz,T41,15:19:22,15:19:26,0,21,1,1,CH02-w28-r1
CH02,15:19:26.8,151926.npz,T41,15:19:22,15:19:26,1,16,1,1,CH02-w28-r1
CH02,15:20:29.3,152029.npz,,,,0,46,1,1,
CH02,15:20:31.3,152031.npz,T42,15:20:32,15:20:48,1,53,1,1,
CH02,15:20:33.4,152033.npz,T42,15:20:32,15:20:48,0,38,1,1,
CH02,15:20:35.4,152035.npz,T42,15:20:32,15:20:48,0,44,1,1,
CH02,15:20:37.3,152037.npz,T42,15:20:32,15:20:48,0,40,1,1,
CH02,15:20:39.4,152039.npz,T42,15:20:32,15:20:48,0,38,1,1,
CH02,15:20:41.4,152041.npz,T42,15:20:32,15:20:48,0,39,1,1,CH02-w30-r1
CH02,15:20:43.4,152043.npz,T42,15:20:32,15:20:48,0,38,1,1,CH02-w30-r1
CH02,15:20:45.4,152045.npz,T42,15:20:32,15:20:48,0,38,1,1,CH02-w30-r1
CH02,15:20:47.4,152047.npz,T42,15:20:32,15:20:48,0,39,1,1,CH02-w30-r1
CH02,15:20:49.4,152049.npz,T42,15:20:32,15:20:48,1,38,1,1,CH02-w30-r1
CH02,15:20:51.4,152051.npz,,,,0,69,1,1,
CH02,15:20:53.4,152053.npz,,,,0,41,1,1,
CH02,15:20:55.4,152055.npz,,,,0,34,1,1,
CH02,15:20:57.4,152057.npz,T43,15:20:58,15:21:12,1,36,1,1,CH02-w31-r1
CH02,15:20:59.4,152059.npz,T43,15:20:58,15:21:12,0,35,1,1,CH02-w31-r1
CH02,15:21:01.4,152101.npz,T43,15:20:58,15:21:12,0,37,1,1,CH02-w31-r1
CH02,15:21:03.4,152103.npz,T43,15:20:58,15:21:12,0,37,1,1,CH02-w31-r1
CH02,15:21:05.4,152105.npz,T43,15:20:58,15:21:12,0,37,1,1,CH02-w31-r1
CH02,15:21:07.4,152107.npz,T43,15:20:58,15:21:12,0,37,1,1,CH02-w31-r1
CH02,15:21:09.4,152109.npz,T43,15:20:58,15:21:12,0,35,1,1,CH02-w31-r1
CH02,15:21:11.4,152111.npz,T43,15:20:58,15:21:12,0,37,1,1,CH02-w31-r1
CH02,15:21:13.4,152113.npz,T43,15:20:58,15:21:12,1,35,1,1,CH02-w31-r1
CH02,15:21:15.4,152115.npz,,,,0,23,1,1,
CH02,15:22:25.4,152225.npz,,,,0,31,1,1,
CH02,15:22:27.3,152227.npz,,,,0,34,1,1,
CH02,15:22:31.4,152231.npz,,,,0,46,1,1,
CH02,15:22:33.4,152233.npz,F41,15:22:34,15:22:58,1,45,1,1,
CH02,15:22:35.3,152235.npz,F41,15:22:34,15:22:58,0,43,1,1,
CH02,15:22:37.3,152237.npz,F41,15:22:34,15:22:58,0,23,1,1,CH02-w34-r1
CH02,15:22:39.4,152239.npz,F41,15:22:34,15:22:58,0,29,1,1,CH02-w34-r1
CH02,15:22:41.8,152241.npz,F41,15:22:34,15:22:58,0,46,1,1,CH02-w34-r1
CH02,15:22:43.8,152243.npz,F41,15:22:34,15:22:58,0,30,1,1,CH02-w34-r1
CH02,15:22:45.8,152245.npz,F41,15:22:34,15:22:58,0,22,1,1,CH02-w34-r2
CH02,15:22:47.8,152247.npz,F41,15:22:34,15:22:58,0,24,1,1,CH02-w34-r2
CH02,15:22:49.8,152249.npz,F41,15:22:34,15:22:58,0,35,1,1,CH02-w34-r2
CH02,15:22:51.8,152251.npz,F41,15:22:34,15:22:58,0,36,1,1,CH02-w34-r2
CH02,15:22:53.8,152253.npz,F41,15:22:34,15:22:58,0,41,1,1,CH02-w34-r2
CH02,15:22:55.8,152255.npz,F41,15:22:34,15:22:58,0,41,1,1,CH02-w34-r2
CH02,15:22:57.9,152257.npz,F41,15:22:34,15:22:58,0,29,1,1,CH02-w34-r2
CH02,15:22:59.8,152259.npz,,,,0,61,1,1,
CH02,15:23:01.8,152301.npz,,,,0,57,1,1,
CH02,15:23:03.8,152303.npz,,,,0,73,1,1,
CH02,15:23:05.8,152305.npz,,,,0,71,1,1,
CH02,15:23:07.8,152307.npz,V42,15:23:08,15:23:16,1,75,1,1,CH02-w36-r1
CH02,15:23:09.7,152309.npz,V42,15:23:08,15:23:16,0,77,1,1,CH02-w36-r1
CH02,15:23:11.6,152311.npz,V42,15:23:08,15:23:16,0,65,1,1,CH02-w36-r1
CH02,15:23:13.7,152313.npz,V42,15:23:08,15:23:16,0,71,1,1,CH02-w36-r1
CH02,15:23:15.7,152315.npz,V42,15:23:08,15:23:16,0,68,1,1,CH02-w36-r1
CH02,15:23:17.7,152317.npz,,,,0,76,1,1,
CH02,15:23:19.7,152319.npz,,,,0,80,1,1,
CH02,15:24:27.6,152427.npz,,,,0,81,1,1,
CH02,15:24:29.5,152429.npz,T51,15:24:31,15:25:03,1,16,1,1,
CH02,15:24:41.5,152441.npz,T51,15:24:31,15:25:03,0,12,1,1,
CH02,15:24:43.6,152443.npz,T51,15:24:31,15:25:03,0,78,1,1,
CH02,15:24:45.8,152445.npz,T51,15:24:31,15:25:03,0,49,1,0,CH02-w39-r1
CH02,15:24:47.7,152447.npz,T51,15:24:31,15:25:03,0,60,1,0,CH02-w39-r1
CH02,15:24:49.8,152449.npz,T51,15:24:31,15:25:03,0,60,1,0,CH02-w39-r1
CH02,15:24:51.8,152451.npz,T51,15:24:31,15:25:03,0,64,1,0,CH02-w39-r1
CH02,15:24:53.8,152453.npz,T51,15:24:31,15:25:03,0,57,1,0,CH02-w39-r1
CH02,15:24:55.7,152455.npz,T51,15:24:31,15:25:03,0,62,1,0,CH02-w39-r1
CH02,15:24:57.8,152457.npz,T51,15:24:31,15:25:03,0,63,1,0,CH02-w39-r1
CH02,15:24:59.8,152459.npz,T51,15:24:31,15:25:03,0,53,1,0,CH02-w39-r1
CH02,15:25:01.8,152501.npz,T51,15:24:31,15:25:03,0,61,1,0,CH02-w39-r1
CH02,15:25:07.8,152507.npz,T52,15:25:09,15:25:25,1,43,1,0,
CH02,15:25:09.8,152509.npz,T52,15:25:09,15:25:25,0,59,1,0,CH02-w40-r1
CH02,15:25:11.8,152511.npz,T52,15:25:09,15:25:25,0,39,1,0,CH02-w40-r1
CH02,15:25:13.8,152513.npz,T52,15:25:09,15:25:25,0,49,1,0,CH02-w40-r1
CH02,15:25:15.8,152515.npz,T52,15:25:09,15:25:25,0,47,1,0,CH02-w40-r1
CH02,15:25:17.8,152517.npz,T52,15:25:09,15:25:25,0,47,1,0,CH02-w40-r1
CH02,15:25:19.8,152519.npz,T52,15:25:09,15:25:25,0,38,1,0,CH02-w40-r1
CH02,15:25:21.7,152521.npz,T52,15:25:09,15:25:25,0,49,1,0,CH02-w40-r1
CH02,15:25:23.8,152523.npz,T52,15:25:09,15:25:25,0,48,1,0,CH02-w40-r1
CH02,15:25:25.8,152525.npz,T52,15:25:09,15:25:25,1,51,1,0,CH02-w40-r1
CH02,15:25:27.8,152527.npz,,,,0,38,1,0,
CH02,15:25:31.8,152531.npz,,,,0,55,1,0,
CH02,15:25:33.8,152533.npz,,,,0,67,1,0,
CH02,15:25:35.8,152535.npz,T53,15:25:37,15:25:47,1,64,1,0,
CH02,15:25:37.8,152537.npz,T53,15:25:37,15:25:47,0,69,1,0,CH02-w41-r1
CH02,15:25:39.8,152539.npz,T53,15:25:37,15:25:47,0,62,1,0,CH02-w41-r1
CH02,15:25:41.8,152541.npz,T53,15:25:37,15:25:47,0,58,1,0,CH02-w41-r1
CH02,15:25:45.8,152545.npz,T53,15:25:37,15:25:47,0,61,1,0,CH02-w41-r1
CH02,15:25:47.8,152547.npz,T53,15:25:37,15:25:47,1,69,1,0,CH02-w41-r1
CH02,15:25:49.8,152549.npz,,,,0,67,1,0,
CH02,15:27:17.1,152717.npz,V51,15:27:02,15:27:16,1,44,1,0,
CH02,15:27:19.1,152719.npz,,,,0,19,1,0,
CH02,15:27:27.1,152727.npz,F52,15:27:24,15:27:44,0,14,1,0,
CH02,15:27:43.2,152743.npz,F52,15:27:24,15:27:44,0,27,1,0,
CH02,15:27:45.2,152745.npz,F52,15:27:24,15:27:44,1,19,1,0,
CH02,15:30:23.0,153023.npz,,,,0,79,1,0,
CH02,15:31:03.0,153103.npz,,,,0,48,1,0,
CH02,15:32:43.1,153243.npz,,,,0,12,1,0,
CH02,15:33:13.1,153313.npz,,,,0,12,1,0,
CH02,15:33:35.1,153335.npz,,,,0,15,1,0,
CH02,15:33:49.1,153349.npz,,,,0,13,1,0,
CH02,15:34:07.1,153407.npz,,,,0,14,1,0,
CH02,15:34:33.1,153433.npz,,,,0,13,1,0,
CH02,15:35:03.1,153503.npz,,,,0,14,1,0,
CH02,15:35:11.1,153511.npz,,,,0,14,1,0,
CH02,15:35:17.1,153517.npz,,,,0,15,1,0,
CH02,15:35:19.1,153519.npz,,,,0,12,1,0,
CH02,15:35:37.1,153537.npz,,,,0,12,1,0,
CH02,15:35:39.1,153539.npz,,,,0,13,1,0,
CH02,15:35:41.1,153541.npz,,,,0,22,1,0,
CH02,15:35:45.1,153545.npz,,,,0,25,1,0,
CH02,15:35:47.1,153547.npz,,,,0,17,1,0,
CH02,15:35:53.1,153553.npz,,,,0,12,1,0,
CH02,15:36:21.1,153621.npz,,,,0,18,1,0,
CH02,15:36:31.1,153631.npz,,,,0,20,1,0,
CH02,15:37:19.1,153719.npz,,,,0,16,1,0,
CH02,15:37:25.1,153725.npz,,,,0,20,1,0,
CH02,15:37:34.5,153734.npz,,,,0,23,1,0,
CH02,15:38:02.5,153802.npz,,,,0,21,1,0,
CH02,15:38:28.6,153828.npz,,,,0,15,1,0,
CH02,15:40:32.5,154032.npz,,,,0,18,1,0,
CH02,15:40:34.6,154034.npz,,,,0,26,1,0,
CH02,15:40:38.6,154038.npz,,,,0,52,1,0,
CH02,15:40:50.6,154050.npz,,,,0,23,1,0,
CH02,15:40:52.6,154052.npz,,,,0,16,1,0,
CH02,15:40:58.6,154058.npz,,,,0,28,1,0,
CH02,15:41:00.5,154100.npz,,,,0,32,1,0,
CH02,15:41:02.6,154102.npz,,,,0,18,1,0,
CH02,15:41:04.6,154104.npz,,,,0,15,1,0,
CH02,15:41:06.6,154106.npz,,,,0,18,1,0,
CH02,15:41:08.6,154108.npz,,,,0,44,1,0,
CH02,15:41:10.6,154110.npz,,,,0,41,1,0,
CH02,15:41:12.6,154112.npz,,,,0,21,1,0,
CH02,15:42:33.1,154233.npz,,,,0,46,1,0,
CH02,15:42:39.1,154239.npz,,,,0,51,1,0,
CH02,15:42:43.1,154243.npz,,,,0,36,1,0,
CH02,15:42:45.1,154245.npz,,,,0,31,1,0,
CH02,15:43:19.1,154319.npz,,,,0,27,1,0,
CH02,15:43:27.1,154327.npz,,,,0,13,1,0,
CH02,15:43:29.1,154329.npz,,,,0,36,1,0,
CH02,15:43:31.1,154331.npz,,,,0,33,1,0,
CH02,15:43:35.1,154335.npz,,,,0,24,1,0,
CH02,15:43:37.1,154337.npz,,,,0,43,1,0,
CH02,15:43:39.1,154339.npz,,,,0,40,1,0,
CH02,15:43:41.1,154341.npz,,,,0,54,1,0,
CH02,15:43:43.0,154343.npz,,,,0,61,1,0,
CH02,15:43:45.1,154345.npz,,,,0,34,1,0,
CH02,15:43:59.1,154359.npz,,,,0,57,1,0,
CH02,15:44:01.1,154401.npz,,,,0,14,1,0,
CH02,15:44:03.1,154403.npz,,,,0,68,1,0,
CH02,15:44:11.1,154411.npz,,,,0,21,1,0,
CH02,15:44:13.1,154413.npz,,,,0,34,1,0,
CH02,15:44:15.1,154415.npz,,,,0,27,1,0,
CH02,15:44:17.1,154417.npz,,,,0,24,1,0,
CH02,15:44:19.1,154419.npz,,,,0,35,1,0,
CH02,15:44:21.1,154421.npz,,,,0,72,1,0,
CH02,15:44:23.1,154423.npz,,,,0,67,1,0,
CH02,15:44:25.1,154425.npz,,,,0,39,1,0,
CH02,15:44:45.1,154445.npz,,,,0,79,1,0,
CH02,15:44:47.1,154447.npz,,,,0,57,1,0,
CH02,15:44:51.1,154451.npz,,,,0,14,1,0,
CH02,15:44:57.1,154457.npz,,,,0,14,1,0,
CH02,15:45:11.1,154511.npz,,,,0,12,1,0,
CH02,15:45:15.0,154515.npz,,,,0,13,1,0,
CH02,15:45:33.1,154533.npz,,,,0,42,1,0,
CH03,15:01:02.0,150102.npz,T11,15:01:03,15:01:51,1,22,1,0,
CH03,15:01:04.0,150104.npz,T11,15:01:03,15:01:51,0,22,1,0,
CH03,15:01:06.0,150106.npz,T11,15:01:03,15:01:51,0,22,1,0,
CH03,15:01:07.9,150107.npz,T11,15:01:03,15:01:51,0,48,1,0,CH03-w1-r1
CH03,15:01:10.0,150110.npz,T11,15:01:03,15:01:51,0,43,1,0,CH03-w1-r1
CH03,15:01:12.0,150112.npz,T11,15:01:03,15:01:51,0,30,1,0,CH03-w1-r1
CH03,15:01:14.0,150114.npz,T11,15:01:03,15:01:51,0,36,1,0,CH03-w1-r1
CH03,15:01:16.0,150116.npz,T11,15:01:03,15:01:51,0,20,1,0,
CH03,15:01:18.0,150118.npz,T11,15:01:03,15:01:51,0,35,1,0,
CH03,15:01:20.0,150120.npz,T11,15:01:03,15:01:51,0,68,1,0,
CH03,15:01:22.0,150122.npz,T11,15:01:03,15:01:51,0,51,1,0,CH03-w1-r2
CH03,15:01:24.0,150124.npz,T11,15:01:03,15:01:51,0,21,1,0,CH03-w1-r2
CH03,15:01:26.0,150126.npz,T11,15:01:03,15:01:51,0,20,1,0,CH03-w1-r2
CH03,15:01:28.0,150128.npz,T11,15:01:03,15:01:51,0,22,1,0,CH03-w1-r2
CH03,15:01:30.0,150130.npz,T11,15:01:03,15:01:51,0,31,1,0,CH03-w1-r2
CH03,15:01:32.0,150132.npz,T11,15:01:03,15:01:51,0,27,1,0,CH03-w1-r2
CH03,15:01:34.0,150134.npz,T11,15:01:03,15:01:51,0,25,1,0,
CH03,15:01:36.1,150136.npz,T11,15:01:03,15:01:51,0,23,1,0,
CH03,15:01:38.0,150138.npz,T11,15:01:03,15:01:51,0,21,1,0,
CH03,15:01:40.0,150140.npz,T11,15:01:03,15:01:51,0,25,1,0,
CH03,15:01:42.0,150142.npz,T11,15:01:03,15:01:51,0,13,1,0,
CH03,15:01:44.0,150144.npz,T11,15:01:03,15:01:51,0,16,1,0,
CH03,15:01:46.0,150146.npz,T11,15:01:03,15:01:51,0,18,1,0,
CH03,15:01:56.0,150156.npz,,,,0,15,1,0,
CH03,15:01:58.0,150158.npz,T12,15:01:59,15:02:10,1,53,1,0,
CH03,15:02:00.0,150200.npz,T12,15:01:59,15:02:10,0,22,1,0,
CH03,15:02:02.0,150202.npz,T12,15:01:59,15:02:10,0,15,1,0,
CH03,15:02:04.0,150204.npz,T12,15:01:59,15:02:10,0,16,1,0,
CH03,15:02:20.0,150220.npz,T13,15:02:19,15:02:37,0,48,1,0,CH03-w3-r1
CH03,15:02:22.0,150222.npz,T13,15:02:19,15:02:37,0,57,1,0,CH03-w3-r1
CH03,15:02:24.0,150224.npz,T13,15:02:19,15:02:37,0,38,1,0,CH03-w3-r1
CH03,15:02:26.0,150226.npz,T13,15:02:19,15:02:37,0,73,1,0,CH03-w3-r1
CH03,15:02:28.0,150228.npz,T13,15:02:19,15:02:37,0,72,1,0,CH03-w3-r1
CH03,15:02:30.0,150230.npz,T13,15:02:19,15:02:37,0,62,1,0,CH03-w3-r1
CH03,15:02:32.0,150232.npz,T13,15:02:19,15:02:37,0,66,1,0,CH03-w3-r1
CH03,15:02:34.1,150234.npz,T13,15:02:19,15:02:37,0,55,1,0,CH03-w3-r1
CH03,15:02:36.1,150236.npz,T13,15:02:19,15:02:37,0,55,1,0,CH03-w3-r1
CH03,15:02:38.0,150238.npz,T13,15:02:19,15:02:37,1,38,1,0,CH03-w3-r1
CH03,15:02:48.1,150248.npz,T14,15:02:48,15:03:17,0,45,1,0,
CH03,15:02:50.0,150250.npz,T14,15:02:48,15:03:17,0,46,1,0,CH03-w4-r1
CH03,15:02:54.0,150254.npz,T14,15:02:48,15:03:17,0,23,1,0,CH03-w4-r1
CH03,15:02:56.0,150256.npz,T14,15:02:48,15:03:17,0,15,1,0,CH03-w4-r1
CH03,15:02:58.0,150258.npz,T14,15:02:48,15:03:17,0,12,1,0,
CH03,15:03:02.1,150302.npz,T14,15:02:48,15:03:17,0,14,1,0,
CH03,15:03:04.0,150304.npz,T14,15:02:48,15:03:17,0,15,1,0,CH03-w4-r2
CH03,15:03:06.0,150306.npz,T14,15:02:48,15:03:17,0,17,1,0,CH03-w4-r2
CH03,15:03:08.0,150308.npz,T14,15:02:48,15:03:17,0,24,1,0,CH03-w4-r2
CH03,15:03:10.0,150310.npz,T14,15:02:48,15:03:17,0,18,1,0,
CH03,15:03:12.0,150312.npz,T14,15:02:48,15:03:17,0,17,1,0,
CH03,15:03:16.0,150316.npz,T14,15:02:48,15:03:17,0,22,1,0,
CH03,15:03:18.0,150318.npz,T14,15:02:48,15:03:17,1,14,1,0,
CH03,15:03:24.0,150324.npz,T15,15:03:25,15:03:57,1,34,1,0,
CH03,15:03:26.1,150326.npz,T15,15:03:25,15:03:57,0,47,1,0,CH03-w5-r1
CH03,15:03:28.1,150328.npz,T15,15:03:25,15:03:57,0,32,1,0,CH03-w5-r1
CH03,15:03:30.1,150330.npz,T15,15:03:25,15:03:57,0,25,1,0,CH03-w5-r1
CH03,15:03:32.1,150332.npz,T15,15:03:25,15:03:57,0,37,1,0,CH03-w5-r1
CH03,15:03:34.2,150334.npz,T15,15:03:25,15:03:57,0,23,1,0,CH03-w5-r1
CH03,15:03:36.2,150336.npz,T15,15:03:25,15:03:57,0,30,1,0,CH03-w5-r1
CH03,15:03:38.1,150338.npz,T15,15:03:25,15:03:57,0,30,1,0,CH03-w5-r1
CH03,15:03:40.2,150340.npz,T15,15:03:25,15:03:57,0,27,1,0,CH03-w5-r1
CH03,15:03:42.2,150342.npz,T15,15:03:25,15:03:57,0,19,1,0,CH03-w5-r2
CH03,15:03:44.1,150344.npz,T15,15:03:25,15:03:57,0,23,1,0,CH03-w5-r2
CH03,15:03:46.1,150346.npz,T15,15:03:25,15:03:57,0,23,1,0,CH03-w5-r2
CH03,15:03:48.1,150348.npz,T15,15:03:25,15:03:57,0,21,1,0,CH03-w5-r2
CH03,15:03:50.1,150350.npz,T15,15:03:25,15:03:57,0,16,1,0,CH03-w5-r2
CH03,15:03:54.1,150354.npz,T15,15:03:25,15:03:57,0,23,1,0,CH03-w5-r2
CH03,15:03:56.1,150356.npz,T15,15:03:25,15:03:57,0,16,1,0,
CH03,15:04:42.1,150442.npz,F12,15:04:38,15:05:17,0,18,1,0,
CH03,15:05:02.2,150502.npz,F12,15:04:38,15:05:17,0,24,1,0,
CH03,15:05:26.2,150526.npz,V13,15:05:23,15:05:58,0,13,1,0,
CH03,15:05:30.2,150530.npz,V13,15:05:23,15:05:58,0,22,1,0,CH03-w8-r1
CH03,15:05:32.2,150532.npz,V13,15:05:23,15:05:58,0,31,1,0,CH03-w8-r1
CH03,15:05:34.2,150534.npz,V13,15:05:23,15:05:58,0,24,1,0,CH03-w8-r1
CH03,15:05:38.2,150538.npz,V13,15:05:23,15:05:58,0,24,1,0,CH03-w8-r1
CH03,15:05:40.2,150540.npz,V13,15:05:23,15:05:58,0,29,1,0,CH03-w8-r1
CH03,15:05:42.2,150542.npz,V13,15:05:23,15:05:58,0,26,1,0,CH03-w8-r1
CH03,15:05:44.2,150544.npz,V13,15:05:23,15:05:58,0,23,1,0,CH03-w8-r1
CH03,15:05:46.3,150546.npz,V13,15:05:23,15:05:58,0,26,1,0,CH03-w8-r1
CH03,15:05:48.2,150548.npz,V13,15:05:23,15:05:58,0,18,1,0,CH03-w8-r1
CH03,15:05:50.2,150550.npz,V13,15:05:23,15:05:58,0,26,1,0,CH03-w8-r1
CH03,15:05:52.2,150552.npz,V13,15:05:23,15:05:58,0,24,1,0,CH03-w8-r1
CH03,15:05:54.2,150554.npz,V13,15:05:23,15:05:58,0,28,1,0,CH03-w8-r1
CH03,15:05:56.2,150556.npz,V13,15:05:23,15:05:58,0,28,1,0,CH03-w8-r1
CH03,15:05:58.2,150558.npz,V13,15:05:23,15:05:58,1,23,1,0,CH03-w8-r1
CH03,15:06:00.2,150600.npz,,,,0,16,1,0,
CH03,15:08:58.0,150858.npz,,,,0,19,1,0,
CH03,15:09:00.0,150900.npz,,,,0,33,1,0,
CH03,15:09:01.9,150901.npz,,,,0,28,1,0,
CH03,15:09:03.9,150903.npz,T23,15:09:05,15:09:17,1,29,1,0,CH03-w12-r1
CH03,15:09:05.9,150905.npz,T23,15:09:05,15:09:17,0,24,1,0,CH03-w12-r1
CH03,15:09:07.9,150907.npz,T23,15:09:05,15:09:17,0,34,1,0,CH03-w12-r1
CH03,15:09:10.0,150910.npz,T23,15:09:05,15:09:17,0,36,1,0,CH03-w12-r1
CH03,15:09:11.9,150911.npz,T23,15:09:05,15:09:17,0,30,1,0,CH03-w12-r1
CH03,15:09:14.0,150914.npz,T23,15:09:05,15:09:17,0,35,1,0,CH03-w12-r1
CH03,15:09:16.0,150916.npz,T23,15:09:05,15:09:17,0,38,1,0,CH03-w12-r1
CH03,15:09:18.0,150918.npz,T23,15:09:05,15:09:17,1,38,1,0,CH03-w12-r1
CH03,15:32:33.0,153233.npz,,,,0,83,1,0,
CH03,15:32:35.1,153235.npz,,,,0,84,1,0,
CH03,15:32:37.0,153237.npz,,,,0,86,1,0,
CH03,15:32:39.1,153239.npz,,,,0,86,1,0,
CH03,15:32:41.1,153241.npz,,,,0,86,1,0,
CH03,15:32:43.1,153243.npz,,,,0,86,1,0,
CH03,15:32:45.0,153245.npz,,,,0,86,1,0,
CH03,15:32:47.1,153247.npz,,,,0,86,1,0,
CH03,15:32:49.0,153249.npz,,,,0,86,1,0,
CH03,15:32:51.1,153251.npz,,,,0,86,1,0,
CH03,15:32:53.1,153253.npz,,,,0,86,1,0,
CH03,15:32:55.1,153255.npz,,,,0,84,1,0,
CH03,15:32:57.1,153257.npz,,,,0,84,1,0,
CH03,15:32:59.1,153259.npz,,,,0,84,1,0,
CH03,15:33:01.0,153301.npz,,,,0,84,1,0,
CH03,15:33:05.1,153305.npz,,,,0,81,1,0,
CH03,15:33:07.1,153307.npz,,,,0,84,1,0,
CH03,15:33:09.1,153309.npz,,,,0,86,1,0,
CH03,15:33:11.1,153311.npz,,,,0,84,1,0,
CH03,15:33:13.0,153313.npz,,,,0,84,1,0,
CH03,15:33:15.1,153315.npz,,,,0,84,1,0,
CH03,15:33:17.1,153317.npz,,,,0,84,1,0,
CH03,15:33:19.1,153319.npz,,,,0,84,1,0,
CH03,15:33:21.1,153321.npz,,,,0,82,1,0,
CH03,15:33:23.1,153323.npz,,,,0,82,1,0,
CH03,15:33:25.1,153325.npz,,,,0,84,1,0,
CH03,15:33:29.1,153329.npz,,,,0,84,1,0,
CH03,15:33:31.1,153331.npz,,,,0,82,1,0,
CH03,15:33:35.1,153335.npz,,,,0,84,1,0,
CH03,15:33:37.1,153337.npz,,,,0,84,1,0,
CH03,15:33:39.1,153339.npz,,,,0,82,1,0,
CH03,15:33:43.1,153343.npz,,,,0,82,1,0,
CH03,15:33:45.1,153345.npz,,,,0,82,1,0,
CH03,15:33:47.1,153347.npz,,,,0,84,1,0,
CH03,15:33:49.1,153349.npz,,,,0,84,1,0,
CH03,15:33:51.2,153351.npz,,,,0,82,1,0,
CH03,15:33:53.1,153353.npz,,,,0,84,1,0,
CH03,15:33:55.2,153355.npz,,,,0,84,1,0,
CH03,15:33:57.1,153357.npz,,,,0,82,1,0,
CH03,15:34:01.1,153401.npz,,,,0,82,1,0,
CH03,15:34:03.1,153403.npz,,,,0,82,1,0,
CH03,15:34:05.2,153405.npz,,,,0,82,1,0,
CH03,15:34:07.2,153407.npz,,,,0,82,1,0,
CH03,15:34:09.2,153409.npz,,,,0,82,1,0,
CH03,15:34:11.1,153411.npz,,,,0,82,1,0,
CH03,15:34:13.1,153413.npz,,,,0,82,1,0,
CH03,15:34:15.2,153415.npz,,,,0,82,1,0,
CH03,15:34:17.2,153417.npz,,,,0,82,1,0,
CH03,15:34:19.2,153419.npz,,,,0,82,1,0,
CH03,15:34:21.2,153421.npz,,,,0,82,1,0,
CH03,15:34:23.2,153423.npz,,,,0,82,1,0,
CH03,15:34:25.2,153425.npz,,,,0,82,1,0,
CH03,15:34:27.3,153427.npz,,,,0,82,1,0,
CH03,15:34:29.2,153429.npz,,,,0,82,1,0,
CH03,15:34:31.2,153431.npz,,,,0,82,1,0,
CH03,15:34:33.2,153433.npz,,,,0,82,1,0,
CH03,15:34:35.2,153435.npz,,,,0,82,1,0,
CH03,15:34:37.2,153437.npz,,,,0,82,1,0,
CH03,15:34:39.2,153439.npz,,,,0,82,1,0,
CH03,15:34:41.1,153441.npz,,,,0,82,1,0,
CH03,15:34:43.2,153443.npz,,,,0,82,1,0,
CH03,15:34:45.2,153445.npz,,,,0,86,1,0,
CH03,15:34:47.2,153447.npz,,,,0,84,1,0,
CH03,15:34:49.2,153449.npz,,,,0,82,1,0,
CH03,15:34:51.2,153451.npz,,,,0,86,1,0,
CH03,15:34:53.2,153453.npz,,,,0,82,1,0,
CH03,15:34:55.2,153455.npz,,,,0,78,1,0,
CH03,15:34:57.2,153457.npz,,,,0,82,1,0,
CH03,15:34:59.2,153459.npz,,,,0,82,1,0,
CH03,15:35:03.2,153503.npz,,,,0,82,1,0,
CH03,15:35:05.2,153505.npz,,,,0,78,1,0,
CH03,15:35:07.2,153507.npz,,,,0,82,1,0,
CH03,15:35:09.2,153509.npz,,,,0,82,1,0,
CH03,15:35:11.2,153511.npz,,,,0,82,1,0,
CH03,15:35:13.2,153513.npz,,,,0,82,1,0,
CH03,15:35:15.2,153515.npz,,,,0,82,1,0,
CH03,15:35:17.1,153517.npz,,,,0,82,1,0,
CH03,15:35:19.2,153519.npz,,,,0,82,1,0,
CH03,15:35:21.2,153521.npz,,,,0,82,1,0,
CH03,15:35:23.3,153523.npz,,,,0,82,1,0,
CH03,15:35:25.2,153525.npz,,,,0,82,1,0,
CH03,15:35:27.3,153527.npz,,,,0,82,1,0,
CH03,15:35:29.2,153529.npz,,,,0,82,1,0,
CH03,15:35:31.2,153531.npz,,,,0,82,1,0,
CH03,15:35:33.2,153533.npz,,,,0,84,1,0,
CH03,15:35:37.2,153537.npz,,,,0,84,1,0,
CH03,15:35:39.2,153539.npz,,,,0,84,1,0,
CH03,15:35:41.2,153541.npz,,,,0,84,1,0,
CH03,15:35:43.2,153543.npz,,,,0,84,1,0,
CH03,15:35:45.2,153545.npz,,,,0,84,1,0,
CH03,15:35:49.2,153549.npz,,,,0,86,1,0,
CH03,15:35:51.2,153551.npz,,,,0,82,1,0,
CH03,15:35:53.2,153553.npz,,,,0,84,1,0,
CH03,15:35:55.2,153555.npz,,,,0,83,1,0,
CH03,15:35:57.2,153557.npz,,,,0,84,1,0,
CH03,15:35:59.3,153559.npz,,,,0,84,1,0,
CH03,15:36:01.2,153601.npz,,,,0,84,1,0,
CH03,15:36:03.2,153603.npz,,,,0,82,1,0,
CH03,15:36:05.2,153605.npz,,,,0,84,1,0,
CH03,15:36:07.2,153607.npz,,,,0,82,1,0,
CH03,15:36:09.2,153609.npz,,,,0,82,1,0,
CH03,15:36:11.2,153611.npz,,,,0,84,1,0,
CH03,15:36:13.2,153613.npz,,,,0,82,1,0,
CH03,15:36:15.2,153615.npz,,,,0,84,1,0,
CH03,15:36:17.2,153617.npz,,,,0,86,1,0,
CH03,15:36:19.2,153619.npz,,,,0,84,1,0,
CH03,15:36:21.2,153621.npz,,,,0,84,1,0,
CH03,15:36:23.2,153623.npz,,,,0,84,1,0,
CH03,15:36:25.2,153625.npz,,,,0,54,1,0,
CH03,15:36:33.2,153633.npz,,,,0,57,1,0,
CH03,15:36:35.2,153635.npz,,,,0,55,1,0,
CH03,15:36:37.2,153637.npz,,,,0,45,1,0,
CH03,15:36:39.2,153639.npz,,,,0,59,1,0,
CH03,15:36:41.2,153641.npz,,,,0,35,1,0,
CH03,15:36:43.2,153643.npz,,,,0,20,1,0,
CH03,15:36:45.2,153645.npz,,,,0,78,1,0,
CH03,15:36:47.2,153647.npz,,,,0,45,1,0,
CH03,15:36:49.2,153649.npz,,,,0,67,1,0,
CH03,15:36:51.2,153651.npz,,,,0,61,1,0,
CH03,15:36:53.2,153653.npz,,,,0,24,1,0,
CH03,15:36:55.2,153655.npz,,,,0,69,1,0,
CH03,15:36:57.3,153657.npz,,,,0,15,1,0,
CH03,15:36:59.3,153659.npz,,,,0,44,1,0,
CH03,15:37:01.2,153701.npz,,,,0,37,1,0,
CH03,15:37:03.2,153703.npz,,,,0,13,1,0,
CH03,15:37:07.3,153707.npz,,,,0,19,1,0,
CH03,15:37:13.3,153713.npz,,,,0,23,1,0,
CH03,15:37:15.3,153715.npz,,,,0,54,1,0,
CH03,15:37:17.2,153717.npz,,,,0,84,1,0,
CH03,15:37:19.2,153719.npz,,,,0,88,1,0,
CH03,15:37:23.2,153723.npz,,,,0,88,1,0,
CH03,15:37:25.2,153725.npz,,,,0,88,1,0,
CH03,15:37:29.3,153729.npz,,,,0,57,1,0,
CH03,15:37:31.3,153731.npz,,,,0,88,1,0,
CH03,15:37:33.2,153733.npz,,,,0,76,1,0,
CH03,15:37:35.2,153735.npz,,,,0,88,1,0,
CH03,15:37:37.3,153737.npz,,,,0,42,1,0,
CH03,15:37:39.3,153739.npz,,,,0,85,1,0,
CH03,15:37:41.3,153741.npz,,,,0,86,1,0,
CH03,15:37:43.4,153743.npz,,,,0,87,1,0,
CH03,15:37:44.5,153744.npz,,,,0,87,1,0,
CH03,15:37:46.5,153746.npz,,,,0,88,1,0,
CH03,15:37:50.5,153750.npz,,,,0,85,1,0,
CH03,15:37:52.5,153752.npz,,,,0,81,1,0,
CH03,15:37:54.5,153754.npz,,,,0,78,1,0,
CH03,15:37:56.5,153756.npz,,,,0,69,1,0,
CH03,15:37:58.5,153758.npz,,,,0,59,1,0,
CH03,15:38:00.5,153800.npz,,,,0,82,1,0,
CH03,15:38:02.4,153802.npz,,,,0,81,1,0,
CH03,15:38:06.5,153806.npz,,,,0,78,1,0,
CH03,15:38:08.5,153808.npz,,,,0,86,1,0,
CH03,15:38:10.5,153810.npz,,,,0,88,1,0,
CH03,15:38:14.5,153814.npz,,,,0,59,1,0,
CH03,15:38:16.5,153816.npz,,,,0,78,1,0,
CH03,15:38:18.5,153818.npz,,,,0,38,1,0,
CH03,15:38:20.5,153820.npz,,,,0,64,1,0,
CH03,15:38:22.5,153822.npz,,,,0,86,1,0,
CH03,15:38:24.5,153824.npz,,,,0,86,1,0,
CH03,15:38:28.5,153828.npz,,,,0,86,1,0,
CH03,15:38:30.5,153830.npz,,,,0,88,1,0,
CH03,15:38:34.6,153834.npz,,,,0,58,1,0,
CH03,15:38:36.5,153836.npz,,,,0,86,1,0,
CH03,15:38:38.5,153838.npz,,,,0,26,1,0,
CH03,15:38:40.5,153840.npz,,,,0,20,1,0,
CH03,15:38:42.5,153842.npz,,,,0,75,1,0,
CH03,15:38:44.5,153844.npz,,,,0,79,1,0,
CH03,15:38:46.5,153846.npz,,,,0,84,1,0,
CH03,15:38:48.5,153848.npz,,,,0,86,1,0,
CH03,15:38:50.5,153850.npz,,,,0,88,1,0,
CH03,15:38:52.5,153852.npz,,,,0,86,1,0,
CH03,15:38:54.5,153854.npz,,,,0,77,1,0,
CH03,15:38:56.5,153856.npz,,,,0,88,1,0,
CH03,15:38:58.5,153858.npz,,,,0,88,1,0,
CH03,15:39:00.5,153900.npz,,,,0,24,1,0,
CH03,15:39:02.5,153902.npz,,,,0,81,1,0,
CH03,15:39:04.5,153904.npz,,,,0,88,1,0,
CH03,15:39:06.5,153906.npz,,,,0,88,1,0,
CH03,15:39:12.5,153912.npz,,,,0,63,1,0,
CH03,15:39:13.1,153913.npz,,,,0,80,1,0,
CH03,15:39:15.0,153915.npz,,,,0,46,1,0,
CH03,15:39:17.0,153917.npz,,,,0,88,1,0,
CH03,15:39:19.1,153919.npz,,,,0,29,1,0,
CH03,15:39:21.1,153921.npz,,,,0,88,1,0,
CH03,15:39:23.0,153923.npz,,,,0,86,1,0,
CH03,15:39:25.1,153925.npz,,,,0,76,1,0,
CH03,15:39:27.0,153927.npz,,,,0,84,1,0,
CH03,15:39:29.1,153929.npz,,,,0,88,1,0,
CH03,15:39:31.1,153931.npz,,,,0,77,1,0,
CH03,15:39:33.1,153933.npz,,,,0,80,1,0,
CH03,15:39:35.1,153935.npz,,,,0,88,1,0,
CH03,15:39:37.1,153937.npz,,,,0,81,1,0,
CH03,15:39:39.0,153939.npz,,,,0,83,1,0,
CH03,15:39:41.1,153941.npz,,,,0,86,1,0,
CH03,15:39:43.1,153943.npz,,,,0,88,1,0,
CH03,15:39:45.1,153945.npz,,,,0,76,1,0,
CH03,15:39:46.9,153946.npz,,,,0,55,1,0,
CH03,15:39:49.0,153949.npz,,,,0,31,1,0,
CH03,15:39:53.0,153953.npz,,,,0,84,1,0,
CH03,15:39:57.0,153957.npz,,,,0,77,1,0,
CH03,15:40:03.0,154003.npz,,,,0,26,1,0,
CH03,15:40:05.0,154005.npz,,,,0,51,1,0,
CH03,15:40:07.1,154007.npz,,,,0,88,1,0,
CH03,15:40:09.0,154009.npz,,,,0,15,1,0,
CH03,15:40:11.0,154011.npz,,,,0,65,1,0,
CH03,15:40:13.0,154013.npz,,,,0,53,1,0,
CH03,15:40:15.0,154015.npz,,,,0,52,1,0,
CH03,15:40:24.9,154024.npz,,,,0,45,1,1,
CH03,15:40:27.0,154027.npz,,,,0,77,1,1,
CH03,15:40:30.9,154030.npz,,,,0,86,1,1,
CH03,15:40:33.0,154033.npz,,,,0,86,1,1,
CH03,15:40:35.0,154035.npz,,,,0,88,1,1,
CH03,15:40:37.1,154037.npz,,,,0,32,1,1,
CH03,15:40:39.0,154039.npz,,,,0,88,1,1,
CH03,15:40:41.0,154041.npz,,,,0,86,1,1,
CH03,15:40:43.0,154043.npz,,,,0,88,1,1,
CH03,15:40:45.0,154045.npz,,,,0,88,1,1,
CH03,15:40:47.0,154047.npz,,,,0,88,1,1,
CH03,15:40:49.0,154049.npz,,,,0,88,1,1,
CH03,15:40:51.0,154051.npz,,,,0,88,1,1,
CH03,15:40:53.1,154053.npz,,,,0,87,1,1,
CH03,15:40:55.0,154055.npz,,,,0,88,1,1,
CH03,15:40:57.0,154057.npz,,,,0,88,1,1,
CH03,15:40:59.0,154059.npz,,,,0,87,1,1,
CH03,15:41:01.1,154101.npz,,,,0,43,1,1,
CH03,15:41:03.0,154103.npz,,,,0,41,1,1,
CH03,15:41:05.1,154105.npz,,,,0,57,1,1,
CH03,15:41:07.0,154107.npz,,,,0,44,1,1,
CH03,15:41:09.0,154109.npz,,,,0,81,1,1,
CH03,15:41:11.0,154111.npz,,,,0,71,1,1,
CH03,15:41:13.1,154113.npz,,,,0,86,1,1,
CH03,15:41:19.0,154119.npz,,,,0,27,1,1,
CH03,15:41:21.2,154121.npz,,,,0,86,1,1,
CH03,15:41:23.0,154123.npz,,,,0,85,1,1,
CH04,15:27:45.5,152745.npz,,,,0,18,1,0,
CH04,15:28:27.5,152827.npz,,,,0,49,1,0,
CH04,15:28:29.5,152829.npz,,,,0,13,1,0,
CH04,15:28:31.5,152831.npz,,,,0,84,1,0,
CH04,15:28:33.5,152833.npz,F61,15:28:34,15:28:50,1,85,1,0,
CH04,15:28:35.5,152835.npz,F61,15:28:34,15:28:50,0,85,1,0,CH04-w48-r1
CH04,15:28:37.5,152837.npz,F61,15:28:34,15:28:50,0,84,1,0,CH04-w48-r1
CH04,15:28:39.5,152839.npz,F61,15:28:34,15:28:50,0,86,1,0,CH04-w48-r1
CH04,15:28:41.6,152841.npz,F61,15:28:34,15:28:50,0,86,1,0,CH04-w48-r1
CH04,15:28:43.6,152843.npz,F61,15:28:34,15:28:50,0,88,1,0,CH04-w48-r1
CH04,15:28:45.5,152845.npz,F61,15:28:34,15:28:50,0,86,1,0,CH04-w48-r1
CH04,15:28:47.5,152847.npz,F61,15:28:34,15:28:50,0,88,1,0,CH04-w48-r1
CH04,15:28:49.5,152849.npz,F61,15:28:34,15:28:50,0,88,1,0,CH04-w48-r1
CH04,15:28:51.5,152851.npz,,,,0,87,1,0,
CH04,15:28:53.5,152853.npz,,,,0,87,1,0,
CH04,15:28:55.5,152855.npz,V62,15:28:56,15:29:16,1,86,1,0,CH04-w49-r1
CH04,15:28:57.5,152857.npz,V62,15:28:56,15:29:16,0,86,1,0,CH04-w49-r1
CH04,15:28:59.5,152859.npz,V62,15:28:56,15:29:16,0,84,1,0,CH04-w49-r1
CH04,15:29:01.6,152901.npz,V62,15:28:56,15:29:16,0,84,1,0,CH04-w49-r1
CH04,15:29:03.5,152903.npz,V62,15:28:56,15:29:16,0,84,1,0,CH04-w49-r1
CH04,15:29:05.6,152905.npz,V62,15:28:56,15:29:16,0,86,1,0,CH04-w49-r1
CH04,15:29:07.6,152907.npz,V62,15:28:56,15:29:16,0,86,1,0,CH04-w49-r1
CH04,15:29:09.6,152909.npz,V62,15:28:56,15:29:16,0,84,1,0,CH04-w49-r1
CH04,15:29:11.6,152911.npz,V62,15:28:56,15:29:16,0,84,1,0,CH04-w49-r1
CH04,15:29:13.5,152913.npz,V62,15:28:56,15:29:16,0,84,1,0,CH04-w49-r1
CH04,15:29:15.5,152915.npz,V62,15:28:56,15:29:16,0,84,1,0,CH04-w49-r1
CH04,15:29:17.5,152917.npz,,,,0,87,1,0,
CH04,15:29:19.5,152919.npz,,,,0,87,1,0,
CH04,15:29:21.6,152921.npz,F63,15:29:22,15:29:30,1,85,1,0,CH04-w50-r1
CH04,15:29:23.6,152923.npz,F63,15:29:22,15:29:30,0,85,1,0,CH04-w50-r1
CH04,15:29:25.6,152925.npz,F63,15:29:22,15:29:30,0,85,1,0,CH04-w50-r1
CH04,15:29:27.6,152927.npz,F63,15:29:22,15:29:30,0,85,1,0,CH04-w50-r1
CH04,15:29:29.6,152929.npz,F63,15:29:22,15:29:30,0,85,1,0,CH04-w50-r1
CH04,15:29:31.5,152931.npz,,,,0,83,1,0,
CH04,15:29:35.6,152935.npz,,,,0,84,1,0,
CH04,15:29:37.6,152937.npz,V64,15:29:38,15:30:18,1,85,1,0,CH04-w51-r1
CH04,15:29:39.6,152939.npz,V64,15:29:38,15:30:18,0,85,1,0,CH04-w51-r1
CH04,15:29:41.6,152941.npz,V64,15:29:38,15:30:18,0,81,1,0,CH04-w51-r1
CH04,15:29:43.6,152943.npz,V64,15:29:38,15:30:18,0,77,1,0,CH04-w51-r1
CH04,15:29:45.6,152945.npz,V64,15:29:38,15:30:18,0,81,1,0,CH04-w51-r1
CH04,15:29:47.6,152947.npz,V64,15:29:38,15:30:18,0,81,1,0,CH04-w51-r1
CH04,15:29:49.6,152949.npz,V64,15:29:38,15:30:18,0,85,1,0,CH04-w51-r1
CH04,15:29:51.6,152951.npz,V64,15:29:38,15:30:18,0,85,1,0,CH04-w51-r1
CH04,15:29:53.6,152953.npz,V64,15:29:38,15:30:18,0,81,1,0,CH04-w51-r1
CH04,15:29:57.6,152957.npz,V64,15:29:38,15:30:18,0,81,1,0,CH04-w51-r1
CH04,15:29:59.7,152959.npz,V64,15:29:38,15:30:18,0,81,1,0,CH04-w51-r1
CH04,15:30:01.7,153001.npz,V64,15:29:38,15:30:18,0,85,1,0,CH04-w51-r1
CH04,15:30:03.6,153003.npz,V64,15:29:38,15:30:18,0,79,1,0,CH04-w51-r1
CH04,15:30:05.7,153005.npz,V64,15:29:38,15:30:18,0,79,1,0,CH04-w51-r1
CH04,15:30:07.6,153007.npz,V64,15:29:38,15:30:18,0,79,1,0,CH04-w51-r1
CH04,15:30:09.7,153009.npz,V64,15:29:38,15:30:18,0,79,1,0,CH04-w51-r1
CH04,15:30:11.6,153011.npz,V64,15:29:38,15:30:18,0,81,1,0,CH04-w51-r1
CH04,15:30:13.6,153013.npz,V64,15:29:38,15:30:18,0,83,1,0,CH04-w51-r1
CH04,15:30:15.6,153015.npz,V64,15:29:38,15:30:18,0,83,1,0,CH04-w51-r1
CH04,15:30:17.7,153017.npz,V64,15:29:38,15:30:18,0,85,1,0,CH04-w51-r1
CH04,15:30:19.6,153019.npz,,,,0,85,1,0,
CH04,15:30:21.6,153021.npz,,,,0,87,1,0,
CH04,15:30:25.6,153025.npz,,,,0,13,1,0,
CH04,15:30:27.6,153027.npz,,,,0,81,1,0,
CH04,15:30:29.7,153029.npz,,,,0,83,1,0,
CH04,15:30:31.6,153031.npz,,,,0,77,1,0,
CH04,15:30:33.6,153033.npz,T71,15:30:34,15:30:42,1,83,1,0,CH04-w52-r1
CH04,15:30:35.6,153035.npz,T71,15:30:34,15:30:42,0,84,1,0,CH04-w52-r1
CH04,15:30:37.6,153037.npz,T71,15:30:34,15:30:42,0,87,1,0,CH04-w52-r1
CH04,15:30:39.7,153039.npz,T71,15:30:34,15:30:42,0,85,1,0,CH04-w52-r1
CH04,15:30:41.6,153041.npz,T71,15:30:34,15:30:42,0,85,1,0,CH04-w52-r1
CH04,15:30:47.6,153047.npz,,,,0,85,1,0,
CH04,15:30:49.7,153049.npz,,,,0,83,1,0,
CH04,15:30:51.6,153051.npz,T72,15:30:52,15:31:00,1,88,1,0,CH04-w53-r1
CH04,15:30:53.6,153053.npz,T72,15:30:52,15:31:00,0,84,1,0,CH04-w53-r1
CH04,15:30:55.7,153055.npz,T72,15:30:52,15:31:00,0,84,1,0,CH04-w53-r1
CH04,15:30:57.7,153057.npz,T72,15:30:52,15:31:00,0,88,1,0,CH04-w53-r1
CH04,15:30:59.6,153059.npz,T72,15:30:52,15:31:00,0,88,1,0,CH04-w53-r1
CH04,15:31:01.6,153101.npz,,,,0,87,1,0,
CH04,15:31:03.6,153103.npz,,,,0,84,1,0,
CH04,15:31:07.6,153107.npz,,,,0,74,1,0,
CH04,15:31:09.6,153109.npz,,,,0,88,1,0,
CH04,15:31:11.7,153111.npz,T73,15:31:12,15:31:26,1,88,1,0,CH04-w54-r1
CH04,15:31:13.7,153113.npz,T73,15:31:12,15:31:26,0,88,1,0,CH04-w54-r1
CH04,15:31:15.7,153115.npz,T73,15:31:12,15:31:26,0,88,1,0,CH04-w54-r1
CH04,15:31:17.7,153117.npz,T73,15:31:12,15:31:26,0,88,1,0,CH04-w54-r1
CH04,15:31:19.7,153119.npz,T73,15:31:12,15:31:26,0,88,1,0,CH04-w54-r1
CH04,15:31:21.7,153121.npz,T73,15:31:12,15:31:26,0,88,1,0,CH04-w54-r1
CH04,15:31:23.7,153123.npz,T73,15:31:12,15:31:26,0,88,1,0,CH04-w54-r1
CH04,15:31:25.7,153125.npz,T73,15:31:12,15:31:26,0,88,1,0,CH04-w54-r1
CH04,15:31:27.6,153127.npz,,,,0,58,1,0,
CH04,15:31:29.7,153129.npz,,,,0,87,1,0,
CH04,15:31:31.7,153131.npz,T74,15:31:32,15:31:46,1,88,1,0,CH04-w55-r1
CH04,15:31:33.7,153133.npz,T74,15:31:32,15:31:46,0,88,1,0,CH04-w55-r1
CH04,15:31:35.6,153135.npz,T74,15:31:32,15:31:46,0,88,1,0,CH04-w55-r1
CH04,15:31:37.7,153137.npz,T74,15:31:32,15:31:46,0,88,1,0,CH04-w55-r1
CH04,15:31:39.7,153139.npz,T74,15:31:32,15:31:46,0,88,1,0,CH04-w55-r1
CH04,15:31:41.7,153141.npz,T74,15:31:32,15:31:46,0,88,1,0,CH04-w55-r1
CH04,15:31:43.7,153143.npz,T74,15:31:32,15:31:46,0,88,1,0,CH04-w55-r1
CH04,15:31:45.7,153145.npz,T74,15:31:32,15:31:46,0,88,1,0,CH04-w55-r1
CH04,15:31:47.7,153147.npz,,,,0,86,1,0,
CH04,15:31:49.7,153149.npz,,,,0,82,1,0,
CH04,15:31:51.7,153151.npz,T75,15:31:52,15:32:08,1,88,1,0,CH04-w56-r1
CH04,15:31:53.7,153153.npz,T75,15:31:52,15:32:08,0,87,1,0,CH04-w56-r1
CH04,15:31:55.7,153155.npz,T75,15:31:52,15:32:08,0,83,1,0,CH04-w56-r1
CH04,15:31:57.7,153157.npz,T75,15:31:52,15:32:08,0,78,1,0,CH04-w56-r1
CH04,15:31:59.7,153159.npz,T75,15:31:52,15:32:08,0,84,1,0,CH04-w56-r1
CH04,15:32:01.7,153201.npz,T75,15:31:52,15:32:08,0,79,1,0,CH04-w56-r1
CH04,15:32:03.6,153203.npz,T75,15:31:52,15:32:08,0,84,1,0,CH04-w56-r1
CH04,15:32:05.7,153205.npz,T75,15:31:52,15:32:08,0,74,1,0,CH04-w56-r1
CH04,15:32:07.7,153207.npz,T75,15:31:52,15:32:08,0,81,1,0,CH04-w56-r1
CH04,15:32:09.8,153209.npz,,,,0,33,1,0,
CH04,15:41:44.2,154144.npz,,,,0,84,1,0,
CH04,15:41:46.2,154146.npz,,,,0,88,1,0,
CH04,15:41:48.2,154148.npz,,,,0,82,1,0,
CH04,15:41:50.2,154150.npz,,,,0,85,1,0,
CH04,15:41:52.2,154152.npz,,,,0,15,1,0,
CH04,15:41:56.2,154156.npz,,,,0,72,1,0,
CH04,15:41:58.3,154158.npz,,,,0,88,1,0,
CH04,15:42:00.2,154200.npz,,,,0,88,1,0,
CH04,15:42:02.3,154202.npz,,,,0,88,1,0,
CH04,15:42:04.2,154204.npz,,,,0,88,1,0,
CH04,15:42:06.3,154206.npz,,,,0,88,1,0,
CH04,15:42:08.3,154208.npz,,,,0,86,1,0,
CH04,15:42:10.2,154210.npz,,,,0,88,1,0,
CH04,15:42:12.2,154212.npz,,,,0,88,1,0,
CH04,15:42:14.3,154214.npz,,,,0,88,1,0,
CH04,15:42:16.3,154216.npz,,,,0,88,1,0,
CH04,15:42:18.3,154218.npz,,,,0,88,1,0,
CH04,15:42:20.2,154220.npz,,,,0,33,1,0,
CH04,15:42:22.3,154222.npz,,,,0,40,1,0,
CH04,15:42:24.3,154224.npz,,,,0,69,1,0,
CH04,15:42:26.3,154226.npz,,,,0,79,1,0,
CH04,15:42:27.3,154227.npz,,,,0,42,1,0,
CH04,15:42:29.3,154229.npz,,,,0,15,1,0,
CH04,15:42:31.3,154231.npz,,,,0,64,1,0,
CH04,15:42:33.3,154233.npz,,,,0,86,1,0,
CH04,15:42:37.3,154237.npz,,,,0,86,1,0,
CH04,15:42:39.3,154239.npz,,,,0,88,1,0,
CH04,15:42:43.3,154243.npz,,,,0,88,1,0,
CH04,15:42:45.3,154245.npz,,,,0,86,1,0,
CH04,15:42:49.3,154249.npz,,,,0,20,1,0,
CH04,15:42:51.3,154251.npz,,,,0,85,1,0,
CH04,15:42:53.3,154253.npz,,,,0,85,1,0,
CH04,15:42:57.3,154257.npz,,,,0,88,1,0,
CH04,15:42:59.3,154259.npz,,,,0,88,1,0,
CH04,15:43:01.3,154301.npz,,,,0,88,1,0,
CH04,15:43:03.3,154303.npz,,,,0,88,1,0,
CH04,15:43:05.3,154305.npz,,,,0,61,1,0,
CH04,15:43:07.3,154307.npz,,,,0,86,1,0,
CH04,15:43:09.3,154309.npz,,,,0,88,1,0,
CH04,15:43:11.3,154311.npz,,,,0,88,1,0,
CH04,15:43:15.3,154315.npz,,,,0,17,1,0,
CH04,15:43:17.3,154317.npz,,,,0,20,1,0,
CH04,15:43:19.4,154319.npz,,,,0,88,1,0,
CH04,15:43:21.3,154321.npz,,,,0,88,1,0,
CH04,15:43:25.4,154325.npz,,,,0,88,1,0,
CH04,15:43:27.3,154327.npz,,,,0,70,1,0,
CH04,15:43:29.3,154329.npz,,,,0,74,1,0,
CH04,15:43:31.4,154331.npz,,,,0,73,1,0,
CH04,15:43:33.7,154333.npz,,,,0,73,1,0,
CH04,15:43:35.6,154335.npz,,,,0,63,1,0,
CH04,15:43:37.6,154337.npz,,,,0,72,1,0,
CH04,15:43:39.6,154339.npz,,,,0,87,1,0,
CH04,15:43:41.7,154341.npz,,,,0,87,1,0,
CH04,15:43:43.6,154343.npz,,,,0,87,1,0,
CH04,15:43:45.7,154345.npz,,,,0,87,1,0,
CH04,15:43:51.7,154351.npz,,,,0,82,1,0,
CH04,15:43:53.7,154353.npz,,,,0,87,1,0,
CH04,15:43:55.7,154355.npz,,,,0,85,1,0,
CH04,15:43:57.7,154357.npz,,,,0,70,1,0,
CH04,15:44:01.7,154401.npz,,,,0,43,1,0,
CH04,15:44:03.6,154403.npz,,,,0,88,1,0,
CH04,15:44:07.6,154407.npz,,,,0,86,1,0,
CH04,15:44:15.7,154415.npz,,,,0,78,1,0,
CH04,15:44:17.7,154417.npz,,,,0,41,1,0,
CH04,15:44:21.6,154421.npz,,,,0,83,1,0,
CH04,15:44:23.7,154423.npz,,,,0,84,1,0,
CH04,15:44:25.7,154425.npz,,,,0,84,1,0,
CH04,15:44:27.7,154427.npz,,,,0,84,1,0,
CH04,15:44:29.7,154429.npz,,,,0,84,1,0,
CH04,15:44:31.7,154431.npz,,,,0,86,1,0,
CH04,15:44:33.7,154433.npz,,,,0,86,1,0,
CH04,15:44:35.7,154435.npz,,,,0,87,1,0,
CH04,15:44:43.7,154443.npz,,,,0,88,1,0,
CH04,15:44:45.7,154445.npz,,,,0,88,1,0,
CH04,15:44:47.7,154447.npz,,,,0,88,1,0,
CH04,15:44:49.7,154449.npz,,,,0,88,1,0,
CH04,15:44:51.7,154451.npz,,,,0,88,1,0,
CH04,15:44:57.7,154457.npz,,,,0,88,1,0,
CH04,15:44:59.7,154459.npz,,,,0,88,1,0,
CH04,15:45:01.7,154501.npz,,,,0,88,1,0,
CH04,15:45:03.7,154503.npz,,,,0,88,1,0,
CH04,15:45:07.7,154507.npz,,,,0,88,1,0,
CH04,15:45:09.7,154509.npz,,,,0,60,1,0,
CH04,15:45:11.7,154511.npz,,,,0,63,1,0,
CH04,15:45:13.7,154513.npz,,,,0,69,1,0,
CH04,15:45:15.7,154515.npz,,,,0,69,1,0,
CH04,15:45:21.7,154521.npz,,,,0,88,1,0,
CH04,15:45:23.7,154523.npz,,,,0,88,1,0,
CH05,15:07:10.8,150710.npz,,,,0,26,1,0,
CH05,15:07:12.8,150712.npz,T22,15:07:14,15:08:53,1,62,1,0,
CH05,15:07:14.8,150714.npz,T22,15:07:14,15:08:53,0,67,1,0,
CH05,15:07:16.8,150716.npz,T22,15:07:14,15:08:53,0,65,1,0,CH05-w11-r1
CH05,15:07:18.8,150718.npz,T22,15:07:14,15:08:53,0,62,1,0,CH05-w11-r1
CH05,15:07:20.7,150720.npz,T22,15:07:14,15:08:53,0,70,1,0,CH05-w11-r1
CH05,15:07:22.7,150722.npz,T22,15:07:14,15:08:53,0,70,1,0,CH05-w11-r1
CH05,15:07:24.7,150724.npz,T22,15:07:14,15:08:53,0,70,1,0,CH05-w11-r1
CH05,15:07:26.7,150726.npz,T22,15:07:14,15:08:53,0,70,1,0,CH05-w11-r1
CH05,15:07:28.8,150728.npz,T22,15:07:14,15:08:53,0,64,1,0,CH05-w11-r1
CH05,15:07:30.8,150730.npz,T22,15:07:14,15:08:53,0,66,1,0,CH05-w11-r1
CH05,15:07:32.8,150732.npz,T22,15:07:14,15:08:53,0,56,1,0,CH05-w11-r1
CH05,15:07:34.8,150734.npz,T22,15:07:14,15:08:53,0,47,1,0,CH05-w11-r1
CH05,15:07:36.7,150736.npz,T22,15:07:14,15:08:53,0,44,1,0,CH05-w11-r1
CH05,15:07:38.7,150738.npz,T22,15:07:14,15:08:53,0,50,1,0,CH05-w11-r1
CH05,15:07:40.8,150740.npz,T22,15:07:14,15:08:53,0,55,1,0,CH05-w11-r1
CH05,15:07:42.7,150742.npz,T22,15:07:14,15:08:53,0,54,1,0,CH05-w11-r1
CH05,15:07:44.8,150744.npz,T22,15:07:14,15:08:53,0,54,1,0,CH05-w11-r1
CH05,15:07:46.7,150746.npz,T22,15:07:14,15:08:53,0,48,1,0,CH05-w11-r1
CH05,15:07:48.8,150748.npz,T22,15:07:14,15:08:53,0,46,1,0,CH05-w11-r1
CH05,15:07:50.8,150750.npz,T22,15:07:14,15:08:53,0,42,1,0,CH05-w11-r1
CH05,15:07:52.8,150752.npz,T22,15:07:14,15:08:53,0,47,1,0,CH05-w11-r1
CH05,15:07:54.7,150754.npz,T22,15:07:14,15:08:53,0,40,1,0,CH05-w11-r1
CH05,15:07:56.8,150756.npz,T22,15:07:14,15:08:53,0,57,1,0,CH05-w11-r1
CH05,15:07:58.8,150758.npz,T22,15:07:14,15:08:53,0,66,1,0,CH05-w11-r1
CH05,15:08:00.7,150800.npz,T22,15:07:14,15:08:53,0,64,1,0,CH05-w11-r1
CH05,15:08:02.8,150802.npz,T22,15:07:14,15:08:53,0,59,1,0,CH05-w11-r1
CH05,15:08:04.8,150804.npz,T22,15:07:14,15:08:53,0,66,1,0,CH05-w11-r1
CH05,15:08:06.8,150806.npz,T22,15:07:14,15:08:53,0,43,1,0,CH05-w11-r1
CH05,15:08:08.8,150808.npz,T22,15:07:14,15:08:53,0,66,1,0,CH05-w11-r1
CH05,15:08:10.8,150810.npz,T22,15:07:14,15:08:53,0,65,1,0,CH05-w11-r1
CH05,15:08:12.8,150812.npz,T22,15:07:14,15:08:53,0,66,1,0,CH05-w11-r1
CH05,15:08:14.8,150814.npz,T22,15:07:14,15:08:53,0,66,1,0,CH05-w11-r1
CH05,15:08:16.8,150816.npz,T22,15:07:14,15:08:53,0,66,1,0,CH05-w11-r1
CH05,15:08:18.8,150818.npz,T22,15:07:14,15:08:53,0,59,1,0,CH05-w11-r1
CH05,15:08:20.7,150820.npz,T22,15:07:14,15:08:53,0,59,1,0,CH05-w11-r1
CH05,15:08:22.7,150822.npz,T22,15:07:14,15:08:53,0,67,1,0,CH05-w11-r1
CH05,15:08:24.8,150824.npz,T22,15:07:14,15:08:53,0,66,1,0,CH05-w11-r1
CH05,15:08:26.7,150826.npz,T22,15:07:14,15:08:53,0,15,1,0,CH05-w11-r1
CH05,15:08:28.7,150828.npz,T22,15:07:14,15:08:53,0,68,1,0,CH05-w11-r1
CH05,15:08:30.8,150830.npz,T22,15:07:14,15:08:53,0,70,1,0,CH05-w11-r1
CH05,15:08:32.8,150832.npz,T22,15:07:14,15:08:53,0,70,1,0,CH05-w11-r1
CH05,15:08:34.8,150834.npz,T22,15:07:14,15:08:53,0,68,1,0,CH05-w11-r1
CH05,15:08:36.8,150836.npz,T22,15:07:14,15:08:53,0,68,1,0,CH05-w11-r1
CH05,15:08:38.8,150838.npz,T22,15:07:14,15:08:53,0,66,1,0,CH05-w11-r1
CH05,15:08:40.8,150840.npz,T22,15:07:14,15:08:53,0,66,1,0,CH05-w11-r1
CH05,15:08:42.8,150842.npz,T22,15:07:14,15:08:53,0,70,1,0,CH05-w11-r1
CH05,15:08:44.7,150844.npz,T22,15:07:14,15:08:53,0,66,1,0,CH05-w11-r1
CH05,15:08:46.8,150846.npz,T22,15:07:14,15:08:53,0,68,1,0,CH05-w11-r1
CH05,15:08:48.8,150848.npz,T22,15:07:14,15:08:53,0,68,1,0,CH05-w11-r1
CH05,15:08:50.8,150850.npz,T22,15:07:14,15:08:53,0,70,1,0,CH05-w11-r1
CH05,15:09:22.7,150922.npz,,,,0,25,1,0,
CH05,15:09:24.7,150924.npz,T24,15:09:25,15:09:47,1,41,1,0,
CH05,15:09:26.8,150926.npz,T24,15:09:25,15:09:47,0,32,1,0,CH05-w13-r1
CH05,15:09:28.7,150928.npz,T24,15:09:25,15:09:47,0,14,1,0,CH05-w13-r1
CH05,15:09:30.7,150930.npz,T24,15:09:25,15:09:47,0,78,1,0,CH05-w13-r1
CH05,15:09:32.8,150932.npz,T24,15:09:25,15:09:47,0,78,1,0,CH05-w13-r1
CH05,15:09:34.8,150934.npz,T24,15:09:25,15:09:47,0,78,1,0,CH05-w13-r1
CH05,15:09:36.8,150936.npz,T24,15:09:25,15:09:47,0,78,1,0,CH05-w13-r1
CH05,15:09:38.7,150938.npz,T24,15:09:25,15:09:47,0,78,1,0,CH05-w13-r1
CH05,15:09:40.8,150940.npz,T24,15:09:25,15:09:47,0,81,1,0,CH05-w13-r1
CH05,15:09:42.8,150942.npz,T24,15:09:25,15:09:47,0,78,1,0,CH05-w13-r1
CH05,15:09:44.8,150944.npz,T24,15:09:25,15:09:47,0,80,1,0,CH05-w13-r1
CH05,15:09:46.8,150946.npz,T24,15:09:25,15:09:47,0,80,1,0,CH05-w13-r1
CH05,15:09:48.8,150948.npz,,,,0,74,1,0,
CH05,15:10:42.7,151042.npz,F21,15:10:43,15:11:57,1,12,0,0,
CH05,15:10:44.7,151044.npz,F21,15:10:43,15:11:57,0,18,0,0,
CH05,15:10:46.7,151046.npz,F21,15:10:43,15:11:57,0,15,0,0,
CH05,15:10:48.7,151048.npz,F21,15:10:43,15:11:57,0,20,0,0,
CH05,15:10:50.7,151050.npz,F21,15:10:43,15:11:57,0,17,0,0,
CH05,15:10:52.7,151052.npz,F21,15:10:43,15:11:57,0,15,0,0,
CH05,15:10:54.7,151054.npz,F21,15:10:43,15:11:57,0,18,0,0,
CH05,15:10:56.7,151056.npz,F21,15:10:43,15:11:57,0,15,0,0,
CH05,15:10:58.7,151058.npz,F21,15:10:43,15:11:57,0,15,0,0,
CH05,15:11:00.7,151100.npz,F21,15:10:43,15:11:57,0,18,0,0,
CH05,15:11:02.7,151102.npz,F21,15:10:43,15:11:57,0,18,0,0,
CH05,15:11:04.7,151104.npz,F21,15:10:43,15:11:57,0,22,0,0,
CH05,15:11:06.8,151106.npz,F21,15:10:43,15:11:57,0,20,0,0,
CH05,15:11:08.7,151108.npz,F21,15:10:43,15:11:57,0,20,0,0,
CH05,15:11:10.7,151110.npz,F21,15:10:43,15:11:57,0,20,0,0,
CH05,15:11:12.7,151112.npz,F21,15:10:43,15:11:57,0,22,0,0,
CH05,15:11:14.7,151114.npz,F21,15:10:43,15:11:57,0,20,0,0,
CH05,15:11:16.7,151116.npz,F21,15:10:43,15:11:57,0,22,0,0,
CH05,15:11:18.7,151118.npz,F21,15:10:43,15:11:57,0,16,0,0,
CH05,15:11:20.7,151120.npz,F21,15:10:43,15:11:57,0,13,0,0,
CH05,15:11:22.7,151122.npz,F21,15:10:43,15:11:57,0,17,0,0,
CH05,15:11:24.7,151124.npz,F21,15:10:43,15:11:57,0,16,0,0,
CH05,15:11:26.7,151126.npz,F21,15:10:43,15:11:57,0,18,0,0,
CH05,15:11:28.7,151128.npz,F21,15:10:43,15:11:57,0,13,0,0,
CH05,15:11:30.7,151130.npz,F21,15:10:43,15:11:57,0,16,0,0,
CH05,15:11:32.8,151132.npz,F21,15:10:43,15:11:57,0,13,0,0,
CH05,15:11:34.7,151134.npz,F21,15:10:43,15:11:57,0,13,0,0,
CH05,15:11:36.7,151136.npz,F21,15:10:43,15:11:57,0,18,0,0,
CH05,15:11:40.8,151140.npz,F21,15:10:43,15:11:57,0,17,0,0,
CH05,15:11:42.8,151142.npz,F21,15:10:43,15:11:57,0,17,0,0,
CH05,15:11:44.7,151144.npz,F21,15:10:43,15:11:57,0,15,0,0,
CH05,15:11:46.8,151146.npz,F21,15:10:43,15:11:57,0,17,0,0,
CH05,15:11:48.8,151148.npz,F21,15:10:43,15:11:57,0,17,0,0,
CH05,15:11:50.8,151150.npz,F21,15:10:43,15:11:57,0,17,0,0,
CH05,15:11:52.8,151152.npz,F21,15:10:43,15:11:57,0,17,0,0,
CH05,15:11:54.7,151154.npz,F21,15:10:43,15:11:57,0,17,0,0,
CH05,15:11:56.7,151156.npz,F21,15:10:43,15:11:57,0,20,0,0,
CH05,15:11:58.7,151158.npz,,,,0,69,1,0,
CH05,15:12:00.7,151200.npz,V22,15:12:01,15:12:37,1,80,1,0,
CH05,15:12:02.7,151202.npz,V22,15:12:01,15:12:37,0,80,1,0,CH05-w16-r1
CH05,15:12:04.7,151204.npz,V22,15:12:01,15:12:37,0,82,1,0,CH05-w16-r1
CH05,15:12:06.7,151206.npz,V22,15:12:01,15:12:37,0,79,1,0,CH05-w16-r1
CH05,15:12:08.7,151208.npz,V22,15:12:01,15:12:37,0,79,1,0,CH05-w16-r1
CH05,15:12:10.7,151210.npz,V22,15:12:01,15:12:37,0,79,1,0,CH05-w16-r1
CH05,15:12:12.7,151212.npz,V22,15:12:01,15:12:37,0,79,1,0,CH05-w16-r1
CH05,15:12:14.8,151214.npz,V22,15:12:01,15:12:37,0,78,1,0,CH05-w16-r1
CH05,15:12:16.7,151216.npz,V22,15:12:01,15:12:37,0,79,1,0,CH05-w16-r1
CH05,15:12:18.7,151218.npz,V22,15:12:01,15:12:37,0,79,1,0,CH05-w16-r1
CH05,15:12:20.8,151220.npz,V22,15:12:01,15:12:37,0,79,1,0,CH05-w16-r1
CH05,15:12:22.7,151222.npz,V22,15:12:01,15:12:37,0,79,1,0,CH05-w16-r1
CH05,15:12:24.7,151224.npz,V22,15:12:01,15:12:37,0,79,1,0,CH05-w16-r1
CH05,15:12:26.7,151226.npz,V22,15:12:01,15:12:37,0,79,1,0,CH05-w16-r1
CH05,15:12:28.7,151228.npz,V22,15:12:01,15:12:37,0,80,1,0,CH05-w16-r1
CH05,15:12:30.7,151230.npz,V22,15:12:01,15:12:37,0,79,1,0,CH05-w16-r1
CH05,15:12:32.7,151232.npz,V22,15:12:01,15:12:37,0,79,1,0,CH05-w16-r1
CH05,15:12:34.8,151234.npz,V22,15:12:01,15:12:37,0,77,1,0,CH05-w16-r1
CH05,15:12:36.7,151236.npz,V22,15:12:01,15:12:37,0,77,1,0,CH05-w16-r1
CH05,15:12:38.7,151238.npz,,,,0,73,1,0,
CH05,15:12:42.7,151242.npz,,,,0,17,1,0,
CH05,15:12:48.7,151248.npz,F23,15:12:45,15:13:11,0,88,1,0,CH05-w17-r1
CH05,15:12:50.7,151250.npz,F23,15:12:45,15:13:11,0,88,1,0,CH05-w17-r1
CH05,15:12:52.7,151252.npz,F23,15:12:45,15:13:11,0,88,1,0,CH05-w17-r1
CH05,15:12:54.7,151254.npz,F23,15:12:45,15:13:11,0,86,1,0,CH05-w17-r1
CH05,15:12:56.7,151256.npz,F23,15:12:45,15:13:11,0,88,1,0,CH05-w17-r1
CH05,15:12:58.7,151258.npz,F23,15:12:45,15:13:11,0,88,1,0,CH05-w17-r1
CH05,15:13:00.7,151300.npz,F23,15:12:45,15:13:11,0,88,1,0,CH05-w17-r1
CH05,15:13:02.7,151302.npz,F23,15:12:45,15:13:11,0,88,1,0,CH05-w17-r1
CH05,15:13:04.7,151304.npz,F23,15:12:45,15:13:11,0,88,1,0,CH05-w17-r1
CH05,15:13:06.7,151306.npz,F23,15:12:45,15:13:11,0,88,1,0,CH05-w17-r1
CH05,15:13:08.7,151308.npz,F23,15:12:45,15:13:11,0,88,1,0,CH05-w17-r1
CH05,15:13:10.7,151310.npz,F23,15:12:45,15:13:11,0,88,1,0,CH05-w17-r1
CH05,15:13:12.7,151312.npz,,,,0,62,1,0,
CH05,15:13:48.7,151348.npz,,,,0,64,1,0,
CH05,15:14:34.7,151434.npz,,,,0,53,1,0,
CH05,15:14:36.7,151436.npz,T32,15:14:37,15:15:03,1,52,1,0,
CH05,15:14:38.7,151438.npz,T32,15:14:37,15:15:03,0,51,1,0,
CH05,15:14:40.7,151440.npz,T32,15:14:37,15:15:03,0,46,1,0,
CH05,15:14:42.7,151442.npz,T32,15:14:37,15:15:03,0,48,1,0,CH05-w20-r1
CH05,15:14:44.7,151444.npz,T32,15:14:37,15:15:03,0,70,1,0,CH05-w20-r1
CH05,15:14:46.7,151446.npz,T32,15:14:37,15:15:03,0,76,1,0,CH05-w20-r1
CH05,15:14:48.8,151448.npz,T32,15:14:37,15:15:03,0,81,1,0,CH05-w20-r1
CH05,15:14:50.8,151450.npz,T32,15:14:37,15:15:03,0,74,1,0,CH05-w20-r1
CH05,15:14:52.7,151452.npz,T32,15:14:37,15:15:03,0,76,1,0,CH05-w20-r1
CH05,15:14:54.8,151454.npz,T32,15:14:37,15:15:03,0,80,1,0,CH05-w20-r1
CH05,15:14:56.8,151456.npz,T32,15:14:37,15:15:03,0,73,1,0,CH05-w20-r1
CH05,15:14:58.8,151458.npz,T32,15:14:37,15:15:03,0,82,1,0,CH05-w20-r1
CH05,15:15:00.8,151500.npz,T32,15:14:37,15:15:03,0,76,1,0,CH05-w20-r1
CH05,15:15:02.8,151502.npz,T32,15:14:37,15:15:03,0,78,1,0,CH05-w20-r1
CH05,15:15:04.8,151504.npz,,,,0,48,1,0,
CH05,15:15:06.7,151506.npz,,,,0,50,1,0,
CH05,15:15:08.7,151508.npz,,,,0,48,1,0,
CH05,15:15:10.8,151510.npz,T33,15:15:11,15:15:45,1,76,1,0,
CH05,15:15:12.7,151512.npz,T33,15:15:11,15:15:45,0,75,1,0,CH05-w21-r1
CH05,15:15:14.7,151514.npz,T33,15:15:11,15:15:45,0,72,1,0,CH05-w21-r1
CH05,15:15:16.7,151516.npz,T33,15:15:11,15:15:45,0,41,1,0,CH05-w21-r1
CH05,15:15:18.7,151518.npz,T33,15:15:11,15:15:45,0,40,1,0,
CH05,15:15:20.7,151520.npz,T33,15:15:11,15:15:45,0,40,1,0,
CH05,15:15:22.7,151522.npz,T33,15:15:11,15:15:45,0,76,1,0,
CH05,15:15:24.7,151524.npz,T33,15:15:11,15:15:45,0,68,1,0,CH05-w21-r2
CH05,15:15:26.7,151526.npz,T33,15:15:11,15:15:45,0,39,1,0,CH05-w21-r2
CH05,15:15:28.7,151528.npz,T33,15:15:11,15:15:45,0,80,1,0,CH05-w21-r2
CH05,15:15:30.7,151530.npz,T33,15:15:11,15:15:45,0,78,1,0,CH05-w21-r2
CH05,15:15:32.7,151532.npz,T33,15:15:11,15:15:45,0,78,1,0,CH05-w21-r2
CH05,15:15:34.7,151534.npz,T33,15:15:11,15:15:45,0,78,1,0,CH05-w21-r2
CH05,15:15:36.7,151536.npz,T33,15:15:11,15:15:45,0,80,1,0,CH05-w21-r2
CH05,15:15:38.7,151538.npz,T33,15:15:11,15:15:45,0,80,1,0,CH05-w21-r2
CH05,15:15:40.7,151540.npz,T33,15:15:11,15:15:45,0,78,1,0,CH05-w21-r2
CH05,15:15:42.7,151542.npz,T33,15:15:11,15:15:45,0,78,1,0,CH05-w21-r2
CH05,15:15:44.7,151544.npz,T33,15:15:11,15:15:45,0,78,1,0,CH05-w21-r2
CH05,15:15:46.7,151546.npz,,,,0,47,1,0,
CH05,15:15:50.7,151550.npz,,,,0,21,1,0,
CH05,15:15:58.7,151558.npz,T34,15:15:57,15:16:26,0,85,1,0,CH05-w22-r1
CH05,15:16:00.7,151600.npz,T34,15:15:57,15:16:26,0,88,1,0,CH05-w22-r1
CH05,15:16:02.7,151602.npz,T34,15:15:57,15:16:26,0,88,1,0,CH05-w22-r1
CH05,15:16:06.7,151606.npz,T34,15:15:57,15:16:26,0,84,1,0,CH05-w22-r1
CH05,15:16:08.7,151608.npz,T34,15:15:57,15:16:26,0,82,1,0,CH05-w22-r1
CH05,15:16:10.7,151610.npz,T34,15:15:57,15:16:26,0,86,1,0,CH05-w22-r1
CH05,15:16:12.8,151612.npz,T34,15:15:57,15:16:26,0,86,1,0,CH05-w22-r1
CH05,15:16:14.8,151614.npz,T34,15:15:57,15:16:26,0,85,1,0,CH05-w22-r1
CH05,15:16:16.7,151616.npz,T34,15:15:57,15:16:26,0,86,1,0,CH05-w22-r1
CH05,15:16:18.8,151618.npz,T34,15:15:57,15:16:26,0,86,1,0,CH05-w22-r1
CH05,15:16:20.7,151620.npz,T34,15:15:57,15:16:26,0,86,1,0,CH05-w22-r1
CH05,15:16:22.8,151622.npz,T34,15:15:57,15:16:26,0,86,1,0,CH05-w22-r1
CH05,15:16:24.7,151624.npz,T34,15:15:57,15:16:26,0,86,1,0,CH05-w22-r1
CH05,15:16:26.8,151626.npz,T34,15:15:57,15:16:26,1,59,1,0,
CH06,15:22:32.8,152232.npz,F41,15:22:34,15:22:58,1,30,1,0,
CH06,15:22:34.8,152234.npz,F41,15:22:34,15:22:58,0,13,1,0,
CH06,15:22:36.8,152236.npz,F41,15:22:34,15:22:58,0,37,1,0,
CH06,15:22:38.8,152238.npz,F41,15:22:34,15:22:58,0,24,1,0,CH06-w34-r1
CH06,15:22:40.8,152240.npz,F41,15:22:34,15:22:58,0,45,1,0,CH06-w34-r1
CH06,15:22:42.8,152242.npz,F41,15:22:34,15:22:58,0,43,1,0,CH06-w34-r1
CH06,15:22:44.9,152244.npz,F41,15:22:34,15:22:58,0,49,1,0,CH06-w34-r1
CH06,15:22:46.8,152246.npz,F41,15:22:34,15:22:58,0,50,1,0,CH06-w34-r1
CH06,15:22:48.9,152248.npz,F41,15:22:34,15:22:58,0,51,1,0,CH06-w34-r1
CH06,15:22:50.8,152250.npz,F41,15:22:34,15:22:58,0,49,1,0,CH06-w34-r1
CH06,15:22:52.8,152252.npz,F41,15:22:34,15:22:58,0,47,1,0,CH06-w34-r1
CH06,15:22:54.9,152254.npz,F41,15:22:34,15:22:58,0,49,1,0,CH06-w34-r1
CH06,15:22:56.9,152256.npz,F41,15:22:34,15:22:58,0,49,1,0,CH06-w34-r1
CH06,15:22:58.8,152258.npz,F41,15:22:34,15:22:58,1,24,1,0,CH06-w34-r1
CH06,15:23:00.8,152300.npz,,,,0,25,1,0,
CH06,15:23:02.9,152302.npz,,,,0,58,1,0,
CH06,15:23:04.9,152304.npz,,,,0,62,1,0,
CH06,15:23:06.8,152306.npz,V42,15:23:08,15:23:16,1,59,1,0,CH06-w36-r1
CH06,15:23:08.8,152308.npz,V42,15:23:08,15:23:16,0,63,1,0,CH06-w36-r1
CH06,15:23:10.9,152310.npz,V42,15:23:08,15:23:16,0,63,1,0,CH06-w36-r1
CH06,15:23:12.9,152312.npz,V42,15:23:08,15:23:16,0,63,1,0,CH06-w36-r1
CH06,15:23:14.9,152314.npz,V42,15:23:08,15:23:16,0,64,1,0,CH06-w36-r1
CH06,15:23:16.9,152316.npz,V42,15:23:08,15:23:16,1,63,1,0,CH06-w36-r1
CH06,15:23:18.8,152318.npz,,,,0,19,1,0,
CH06,15:23:26.8,152326.npz,F43,15:23:24,15:23:50,0,56,1,0,CH06-w37-r1
CH06,15:23:28.8,152328.npz,F43,15:23:24,15:23:50,0,56,1,0,CH06-w37-r1
CH06,15:23:30.8,152330.npz,F43,15:23:24,15:23:50,0,56,1,0,CH06-w37-r1
CH06,15:23:32.9,152332.npz,F43,15:23:24,15:23:50,0,56,1,0,CH06-w37-r1
CH06,15:23:35.0,152335.npz,F43,15:23:24,15:23:50,0,56,1,0,CH06-w37-r1
CH06,15:23:36.9,152336.npz,F43,15:23:24,15:23:50,0,56,1,0,CH06-w37-r1
CH06,15:23:38.9,152338.npz,F43,15:23:24,15:23:50,0,56,1,0,CH06-w37-r1
CH06,15:23:40.9,152340.npz,F43,15:23:24,15:23:50,0,56,1,0,CH06-w37-r1
CH06,15:23:42.9,152342.npz,F43,15:23:24,15:23:50,0,56,1,0,CH06-w37-r1
CH06,15:23:44.8,152344.npz,F43,15:23:24,15:23:50,0,56,1,0,CH06-w37-r1
CH06,15:23:46.8,152346.npz,F43,15:23:24,15:23:50,0,56,1,0,CH06-w37-r1
CH06,15:23:48.8,152348.npz,F43,15:23:24,15:23:50,0,56,1,0,CH06-w37-r1
CH06,15:23:50.8,152350.npz,F43,15:23:24,15:23:50,1,56,1,0,CH06-w37-r1
CH06,15:23:52.8,152352.npz,,,,0,29,1,0,
CH06,15:24:24.8,152424.npz,,,,0,35,1,0,
CH06,15:25:06.8,152506.npz,,,,0,57,1,0,
CH06,15:25:08.8,152508.npz,T52,15:25:09,15:25:25,1,66,1,0,
CH06,15:25:10.9,152510.npz,T52,15:25:09,15:25:25,0,67,1,0,CH06-w40-r1
CH06,15:25:12.9,152512.npz,T52,15:25:09,15:25:25,0,68,1,0,CH06-w40-r1
CH06,15:25:14.8,152514.npz,T52,15:25:09,15:25:25,0,73,1,0,CH06-w40-r1
CH06,15:25:16.8,152516.npz,T52,15:25:09,15:25:25,0,69,1,0,CH06-w40-r1
CH06,15:25:18.8,152518.npz,T52,15:25:09,15:25:25,0,67,1,0,CH06-w40-r1
CH06,15:25:20.8,152520.npz,T52,15:25:09,15:25:25,0,69,1,0,CH06-w40-r1
CH06,15:25:22.8,152522.npz,T52,15:25:09,15:25:25,0,66,1,0,CH06-w40-r1
CH06,15:25:24.9,152524.npz,T52,15:25:09,15:25:25,0,68,1,0,CH06-w40-r1
CH06,15:25:26.8,152526.npz,,,,0,60,1,0,
CH06,15:25:28.8,152528.npz,,,,0,37,1,0,
CH06,15:25:34.9,152534.npz,,,,0,28,1,0,
CH06,15:25:36.8,152536.npz,T53,15:25:37,15:25:47,1,28,1,0,CH06-w41-r1
CH06,15:25:40.8,152540.npz,T53,15:25:37,15:25:47,0,65,1,0,CH06-w41-r1
CH06,15:25:42.9,152542.npz,T53,15:25:37,15:25:47,0,65,1,0,CH06-w41-r1
CH06,15:25:44.9,152544.npz,T53,15:25:37,15:25:47,0,65,1,0,CH06-w41-r1
CH06,15:25:46.8,152546.npz,T53,15:25:37,15:25:47,0,65,1,0,CH06-w41-r1
CH06,15:25:48.8,152548.npz,,,,0,42,1,0,
CH06,15:25:58.8,152558.npz,T54,15:25:59,15:26:13,1,69,1,0,CH06-w42-r1
CH06,15:26:00.8,152600.npz,T54,15:25:59,15:26:13,0,69,1,0,CH06-w42-r1
CH06,15:26:02.8,152602.npz,T54,15:25:59,15:26:13,0,70,1,0,CH06-w42-r1
CH06,15:26:04.8,152604.npz,T54,15:25:59,15:26:13,0,70,1,0,CH06-w42-r1
CH06,15:26:06.8,152606.npz,T54,15:25:59,15:26:13,0,70,1,0,CH06-w42-r1
CH06,15:26:08.8,152608.npz,T54,15:25:59,15:26:13,0,70,1,0,CH06-w42-r1
CH06,15:26:10.8,152610.npz,T54,15:25:59,15:26:13,0,70,1,0,CH06-w42-r1
CH06,15:26:12.8,152612.npz,T54,15:25:59,15:26:13,0,70,1,0,CH06-w42-r1
CH06,15:26:14.8,152614.npz,,,,0,47,1,0,
CH06,15:26:54.9,152654.npz,,,,0,51,1,0,
CH06,15:26:56.9,152656.npz,,,,0,54,1,0,
CH06,15:26:58.8,152658.npz,,,,0,53,1,0,
CH06,15:27:00.8,152700.npz,V51,15:27:02,15:27:16,1,58,1,0,CH06-w44-r1
CH06,15:27:02.9,152702.npz,V51,15:27:02,15:27:16,0,61,1,0,CH06-w44-r1
CH06,15:27:04.9,152704.npz,V51,15:27:02,15:27:16,0,61,1,0,CH06-w44-r1
CH06,15:27:06.9,152706.npz,V51,15:27:02,15:27:16,0,61,1,0,CH06-w44-r1
CH06,15:27:08.9,152708.npz,V51,15:27:02,15:27:16,0,61,1,0,CH06-w44-r1
CH06,15:27:10.9,152710.npz,V51,15:27:02,15:27:16,0,61,1,0,CH06-w44-r1
CH06,15:27:12.9,152712.npz,V51,15:27:02,15:27:16,0,58,1,0,CH06-w44-r1
CH06,15:27:14.9,152714.npz,V51,15:27:02,15:27:16,0,58,1,0,CH06-w44-r1
CH06,15:27:16.9,152716.npz,V51,15:27:02,15:27:16,1,35,1,0,
CH06,15:27:18.8,152718.npz,,,,0,60,1,0,
CH06,15:27:20.8,152720.npz,,,,0,58,1,0,
CH06,15:27:22.8,152722.npz,F52,15:27:24,15:27:44,1,56,1,0,
CH06,15:27:24.8,152724.npz,F52,15:27:24,15:27:44,0,56,1,0,
CH06,15:27:26.8,152726.npz,F52,15:27:24,15:27:44,0,56,1,0,CH06-w45-r1
CH06,15:27:28.8,152728.npz,F52,15:27:24,15:27:44,0,55,1,0,CH06-w45-r1
CH06,15:27:30.9,152730.npz,F52,15:27:24,15:27:44,0,55,1,0,CH06-w45-r1
CH06,15:27:32.9,152732.npz,F52,15:27:24,15:27:44,0,55,1,0,CH06-w45-r1
CH06,15:27:34.9,152734.npz,F52,15:27:24,15:27:44,0,55,1,0,CH06-w45-r1
CH06,15:27:36.8,152736.npz,F52,15:27:24,15:27:44,0,52,1,0,CH06-w45-r1
CH06,15:27:38.9,152738.npz,F52,15:27:24,15:27:44,0,56,1,0,CH06-w45-r1
CH06,15:27:40.9,152740.npz,F52,15:27:24,15:27:44,0,55,1,0,CH06-w45-r1
CH06,15:27:42.8,152742.npz,F52,15:27:24,15:27:44,0,56,1,0,CH06-w45-r1
CH06,15:27:44.8,152744.npz,F52,15:27:24,15:27:44,1,46,1,0,
CH06,15:27:46.9,152746.npz,,,,0,53,1,0,
CH06,15:27:48.9,152748.npz,V53,15:27:50,15:28:02,1,55,1,0,CH06-w46-r1
CH06,15:27:50.8,152750.npz,V53,15:27:50,15:28:02,0,88,1,0,CH06-w46-r1
CH06,15:27:52.8,152752.npz,V53,15:27:50,15:28:02,0,88,1,0,CH06-w46-r1
CH06,15:27:54.8,152754.npz,V53,15:27:50,15:28:02,0,88,1,0,CH06-w46-r1
CH06,15:27:56.9,152756.npz,V53,15:27:50,15:28:02,0,88,1,0,CH06-w46-r1
CH06,15:27:58.8,152758.npz,V53,15:27:50,15:28:02,0,88,1,0,CH06-w46-r1
CH06,15:28:00.8,152800.npz,V53,15:27:50,15:28:02,0,88,1,0,CH06-w46-r1
CH06,15:28:02.9,152802.npz,V53,15:27:50,15:28:02,1,88,1,0,CH06-w46-r1
CH06,15:28:04.8,152804.npz,,,,0,72,1,0,
CH06,15:28:12.9,152812.npz,F54,15:28:14,15:28:24,1,20,0,0,
CH06,15:28:14.8,152814.npz,F54,15:28:14,15:28:24,0,23,1,0,CH06-w47-r1
CH06,15:28:16.9,152816.npz,F54,15:28:14,15:28:24,0,23,1,0,CH06-w47-r1
CH06,15:28:18.9,152818.npz,F54,15:28:14,15:28:24,0,23,1,0,CH06-w47-r1
CH06,15:28:20.9,152820.npz,F54,15:28:14,15:28:24,0,23,1,0,CH06-w47-r1
CH06,15:28:22.9,152822.npz,F54,15:28:14,15:28:24,0,23,1,0,CH06-w47-r1
CH06,15:28:24.8,152824.npz,F54,15:28:14,15:28:24,1,23,1,0,CH06-w47-r1
