cam,clock,chroma,mode,sat_pct,mean_y
CH01,13:54:36,0.0,IR,0.53,102.4
CH01,13:56:36,0.0,IR,0.23,101.7
CH01,13:58:36,0.0,IR,0.7,101.2
CH01,14:00:01,13.11,color,5.64,131.1
CH01,14:02:01,13.76,color,5.06,119.2
CH01,14:04:01,14.13,color,5.55,130.6
CH01,14:06:01,14.86,color,5.76,133.8
CH01,14:08:01,14.29,color,4.67,132.7
CH01,14:10:01,13.34,color,5.0,132.1
CH01,14:12:01,13.55,color,5.73,118.4
CH01,14:14:01,13.72,color,4.75,119.0
CH01,14:16:01,13.53,color,4.08,117.0
CH01,14:18:01,13.62,color,3.64,118.9
CH01,14:20:01,14.01,color,5.5,129.9
CH01,14:22:01,13.03,color,4.22,129.2
CH01,14:24:01,13.58,color,4.0,117.9
CH01,14:26:01,13.18,color,4.29,119.2
CH01,14:28:01,12.83,color,4.4,119.1
CH01,14:30:01,13.04,color,4.29,118.2
CH01,14:32:01,13.04,color,5.32,117.8
CH01,14:34:01,13.06,color,4.63,117.9
CH01,14:36:01,13.42,color,4.92,129.7
CH01,14:38:01,13.41,color,5.13,130.8
CH01,14:40:01,13.53,color,4.91,131.9
CH01,14:42:01,13.7,color,5.16,126.3
CH01,14:44:01,13.5,color,5.12,129.7
CH01,14:46:01,13.5,color,5.3,131.8
CH01,14:48:01,13.15,color,5.53,134.0
CH01,14:50:01,12.8,color,5.04,135.3
CH01,14:52:01,13.19,color,5.87,129.6
CH01,14:54:01,13.21,color,5.0,126.2
CH01,14:56:01,13.72,color,3.26,120.0
CH01,14:58:01,13.26,color,5.43,131.0
CH01,15:00:01,13.42,color,5.48,131.3
CH01,15:02:01,13.43,color,5.08,131.8
CH01,15:04:01,13.52,color,5.73,132.4
CH01,15:06:01,12.78,color,5.52,119.7
CH01,15:08:01,12.72,color,5.07,125.7
CH01,15:10:01,13.34,color,5.44,131.6
CH01,15:12:01,13.1,color,5.63,119.9
CH01,15:14:01,12.93,color,5.78,118.5
CH01,15:16:01,12.27,color,4.66,116.9
CH01,15:18:01,12.63,color,5.16,117.4
CH01,15:20:01,12.83,color,4.65,117.0
CH01,15:22:01,12.75,color,4.84,129.3
CH01,15:24:01,13.54,color,4.53,122.6
CH01,15:26:01,13.56,color,4.58,122.2
CH01,15:28:01,13.24,color,4.97,129.2
CH01,15:30:01,13.41,color,5.34,131.3
CH01,15:32:01,13.29,color,5.82,132.0
CH01,15:34:01,13.53,color,6.34,133.7
CH01,15:36:01,13.29,color,5.64,130.4
CH01,15:38:01,12.72,color,5.24,118.8
CH01,15:40:01,12.95,color,6.43,118.9
CH01,15:42:01,13.04,color,5.67,132.7
CH01,15:44:01,13.54,color,5.8,133.5
CH01,15:46:01,13.85,color,6.69,135.2
CH01,15:48:01,13.59,color,6.42,133.6
CH02,13:54:39,0.0,IR,1.09,98.3
CH02,13:56:39,0.0,IR,1.36,102.0
CH02,13:58:39,0.0,IR,1.1,100.2
CH02,14:00:00,0.0,IR,1.77,102.3
CH02,14:02:00,13.85,color,5.5,120.5
CH02,14:04:00,13.61,color,5.51,130.6
CH02,14:06:00,14.12,color,5.7,132.0
CH02,14:08:00,13.77,color,5.06,132.0
CH02,14:10:00,12.69,color,5.44,131.8
CH02,14:12:00,14.33,color,6.19,123.6
CH02,14:14:00,14.25,color,5.59,124.2
CH02,14:16:00,13.54,color,4.49,119.4
CH02,14:18:00,13.5,color,4.1,119.6
CH02,14:20:00,13.35,color,5.37,128.7
CH02,14:22:00,12.27,color,4.6,128.4
CH02,14:24:00,12.51,color,5.11,118.6
CH02,14:26:00,13.09,color,4.6,119.1
CH02,14:28:00,12.94,color,4.84,119.1
CH02,14:30:00,13.13,color,4.7,117.2
CH02,14:32:00,13.37,color,5.99,119.6
CH02,14:34:00,13.23,color,4.89,119.0
CH02,14:36:00,13.49,color,4.51,129.0
CH02,14:38:00,13.37,color,4.93,130.5
CH02,14:40:00,13.57,color,4.58,131.5
CH02,14:42:00,13.83,color,4.9,128.7
CH02,14:44:00,13.35,color,5.17,129.9
CH02,14:46:00,13.38,color,5.09,130.5
CH02,14:48:00,13.03,color,5.3,132.3
CH02,14:50:00,12.81,color,4.56,132.9
CH02,14:52:00,13.53,color,5.13,128.3
CH02,14:54:00,13.58,color,5.32,128.9
CH02,14:56:00,13.41,color,5.73,121.8
CH02,14:58:00,13.23,color,5.14,129.9
CH02,15:00:00,13.41,color,4.61,130.8
CH02,15:00:01,13.41,color,4.89,130.8
CH02,15:02:01,13.35,color,4.79,131.5
CH02,15:04:01,13.36,color,5.27,130.8
CH02,15:06:01,12.86,color,6.01,121.0
CH02,15:08:01,0.67,IR,1.02,120.1
CH02,15:10:01,13.48,color,4.64,131.0
CH02,15:12:01,0.0,IR,1.17,82.6
CH02,15:14:01,13.35,color,2.81,115.0
CH02,15:16:01,0.0,IR,1.05,77.3
CH02,15:18:01,0.0,IR,1.29,82.2
CH02,15:20:01,0.0,IR,1.09,82.6
CH02,15:22:01,0.0,IR,0.36,91.9
CH02,15:24:01,0.0,IR,1.14,91.4
CH02,15:26:01,13.02,color,1.23,117.9
CH02,15:28:01,12.77,color,0.83,120.3
CH02,15:30:01,12.62,color,1.09,121.1
CH02,15:32:01,12.64,color,1.0,121.2
CH02,15:34:01,13.34,color,1.58,126.1
CH02,15:36:01,13.37,color,1.43,122.5
CH02,15:38:01,12.94,color,2.37,114.0
CH02,15:40:01,13.47,color,2.5,114.8
CH02,15:42:01,12.69,color,1.38,124.2
CH02,15:44:01,12.99,color,1.17,125.1
CH02,15:46:01,13.07,color,1.6,127.0
CH02,15:48:01,13.12,color,1.75,126.4
CH03,13:54:38,0.0,IR,2.36,130.5
CH03,13:56:38,0.0,IR,0.26,128.3
CH03,13:58:38,0.0,IR,3.91,129.3
CH03,14:00:00,0.0,IR,0.29,126.4
CH03,14:02:00,11.17,color,6.53,143.2
CH03,14:04:00,13.27,color,1.77,146.7
CH03,14:06:00,13.63,color,2.16,148.5
CH03,14:08:00,13.28,color,1.48,144.6
CH03,14:10:00,12.92,color,1.69,145.1
CH03,14:12:00,10.83,color,7.25,142.4
CH03,14:14:00,10.95,color,5.9,140.8
CH03,14:16:00,10.17,color,3.83,136.7
CH03,14:18:00,11.62,color,2.88,138.7
CH03,14:20:00,13.2,color,2.25,145.0
CH03,14:22:00,12.76,color,1.82,145.4
CH03,14:24:00,10.47,color,5.14,139.5
CH03,14:26:00,9.59,color,4.23,137.2
CH03,14:28:00,9.89,color,3.42,138.7
CH03,14:30:00,9.74,color,5.96,140.7
CH03,14:32:00,9.71,color,6.37,140.0
CH03,14:34:00,9.88,color,5.49,137.7
CH03,14:36:00,12.61,color,1.65,143.5
CH03,14:38:00,12.62,color,1.36,144.3
CH03,14:40:00,13.21,color,1.58,151.5
CH03,14:42:00,12.37,color,2.56,143.4
CH03,14:44:00,12.85,color,1.21,143.3
CH03,14:46:00,13.03,color,1.53,145.2
CH03,14:48:00,12.52,color,1.38,143.6
CH03,14:50:00,12.4,color,2.01,148.6
CH03,14:52:00,11.84,color,3.14,143.6
CH03,14:54:00,11.95,color,2.91,144.7
CH03,14:56:00,11.7,color,5.78,144.0
CH03,14:58:00,12.97,color,1.6,143.3
CH03,15:00:00,13.04,color,1.55,144.9
CH03,15:02:00,12.18,color,2.64,146.4
CH03,15:04:00,12.26,color,1.68,144.5
CH03,15:06:00,9.47,color,5.66,137.7
CH03,15:08:00,11.63,color,2.95,141.0
CH03,15:10:00,12.76,color,2.94,147.6
CH03,15:12:00,9.63,color,7.16,140.7
CH03,15:14:00,9.47,color,7.54,139.7
CH03,15:16:00,9.18,color,6.03,137.6
CH03,15:18:00,8.9,color,4.54,137.7
CH03,15:20:00,9.21,color,4.55,139.4
CH03,15:22:00,11.15,color,1.39,143.5
CH03,15:24:00,9.79,color,4.11,143.4
CH03,15:26:00,9.26,color,3.76,141.4
CH03,15:28:00,11.53,color,0.89,143.6
CH03,15:30:00,11.63,color,1.05,143.0
CH03,15:32:00,11.52,color,0.98,142.7
CH03,15:34:00,12.14,color,2.11,145.8
CH03,15:36:00,11.74,color,2.14,142.6
CH03,15:38:00,9.91,color,5.32,140.9
CH03,15:40:00,9.23,color,6.28,142.9
CH03,15:42:00,0.0,IR,0.11,103.6
CH03,15:44:00,0.0,IR,0.14,104.5
CH03,15:46:00,0.0,IR,0.23,109.0
CH03,15:48:00,0.0,IR,0.11,109.6
CH04,13:54:39,0.0,IR,1.76,139.3
CH04,13:56:39,0.0,IR,0.24,135.2
CH04,13:58:39,0.0,IR,1.72,133.9
CH04,14:00:01,0.0,IR,0.15,128.0
CH04,14:02:01,0.0,IR,1.71,135.3
CH04,14:04:01,0.0,IR,0.15,128.7
CH04,14:06:01,0.0,IR,0.1,132.3
CH04,14:08:01,0.0,IR,0.12,131.3
CH04,14:10:01,0.0,IR,0.11,130.7
CH04,14:12:01,0.0,IR,2.31,134.5
CH04,14:14:01,0.0,IR,1.77,134.0
CH04,14:16:01,0.0,IR,0.85,129.1
CH04,14:18:01,0.0,IR,0.11,124.6
CH04,14:20:01,0.0,IR,0.09,128.9
CH04,14:22:01,0.0,IR,0.1,130.0
CH04,14:24:01,0.0,IR,0.97,130.1
CH04,14:26:01,0.0,IR,1.08,132.8
CH04,14:28:01,0.0,IR,0.73,131.1
CH04,14:30:01,0.0,IR,0.49,128.6
CH04,14:32:01,0.0,IR,1.08,132.3
CH04,14:34:01,0.0,IR,0.62,131.6
CH04,14:36:01,13.56,color,0.99,140.3
CH04,14:38:01,13.17,color,0.89,140.6
CH04,14:40:01,13.22,color,1.11,145.5
CH04,14:42:01,13.06,color,3.44,142.1
CH04,14:44:01,12.98,color,1.08,140.0
CH04,14:46:01,13.1,color,0.96,140.4
CH04,14:48:01,12.99,color,1.01,141.7
CH04,14:50:01,13.06,color,0.95,146.9
CH04,14:52:01,12.35,color,2.1,141.4
CH04,14:54:01,12.49,color,4.3,142.2
CH04,14:56:01,11.62,color,4.95,134.1
CH04,14:58:01,13.14,color,0.69,140.0
CH04,15:00:01,13.59,color,1.01,140.3
CH04,15:02:01,13.96,color,1.28,144.2
CH04,15:04:01,13.75,color,1.54,145.6
CH04,15:06:01,11.55,color,7.99,136.7
CH04,15:08:01,12.12,color,1.18,138.6
CH04,15:10:01,12.58,color,1.1,142.7
CH04,15:12:01,11.09,color,8.74,134.7
CH04,15:14:01,10.92,color,9.22,134.6
CH04,15:16:01,10.55,color,7.4,133.6
CH04,15:18:01,10.42,color,9.04,134.1
CH04,15:20:01,10.37,color,7.76,133.1
CH04,15:22:01,12.03,color,0.69,140.0
CH04,15:24:01,11.01,color,6.88,133.2
CH04,15:26:01,10.85,color,6.75,133.6
CH04,15:28:01,12.53,color,0.6,139.0
CH04,15:30:01,13.0,color,1.19,138.7
CH04,15:32:01,12.91,color,1.0,140.0
CH04,15:34:01,13.56,color,1.34,144.6
CH04,15:36:01,12.97,color,0.85,138.2
CH04,15:38:01,10.85,color,4.83,128.4
CH04,15:40:01,10.85,color,9.0,132.1
CH04,15:42:01,12.45,color,1.27,136.7
CH04,15:44:01,12.81,color,2.5,142.5
CH04,15:46:01,12.8,color,4.85,142.7
CH04,15:48:01,12.82,color,3.88,141.6
CH05,13:54:39,0.0,IR,0.3,130.8
CH05,13:56:39,0.0,IR,0.23,109.2
CH05,13:58:39,0.0,IR,0.33,122.7
CH05,14:00:00,0.0,IR,0.23,102.3
CH05,14:02:00,0.0,IR,0.39,122.6
CH05,14:04:00,0.0,IR,0.25,104.7
CH05,14:06:00,0.0,IR,0.23,107.9
CH05,14:08:00,0.0,IR,0.24,107.0
CH05,14:10:00,0.0,IR,0.24,101.9
CH05,14:12:00,0.0,IR,0.39,118.7
CH05,14:14:00,0.0,IR,0.39,123.2
CH05,14:16:00,0.0,IR,0.34,122.9
CH05,14:18:00,0.0,IR,0.29,108.8
CH05,14:20:00,0.0,IR,0.26,103.6
CH05,14:22:00,0.0,IR,0.24,104.3
CH05,14:24:00,0.0,IR,0.39,123.0
CH05,14:26:00,0.0,IR,0.36,124.4
CH05,14:28:00,0.0,IR,0.4,124.1
CH05,14:30:00,0.0,IR,0.39,124.0
CH05,14:32:00,0.0,IR,0.39,121.6
CH05,14:34:00,0.0,IR,0.39,121.9
CH05,14:36:00,0.0,IR,0.26,105.1
CH05,14:38:00,14.53,color,0.43,82.7
CH05,14:40:00,15.65,color,0.38,85.3
CH05,14:42:00,15.09,color,0.33,84.8
CH05,14:44:00,14.82,color,0.42,83.5
CH05,14:46:00,15.48,color,0.43,83.7
CH05,14:48:00,15.96,color,0.41,84.7
CH05,14:50:00,15.33,color,0.4,84.4
CH05,14:52:00,14.89,color,0.45,82.9
CH05,14:54:00,14.65,color,0.4,82.4
CH05,14:56:00,13.5,color,0.44,80.1
CH05,14:58:00,14.86,color,0.42,83.2
CH05,15:00:00,15.74,color,0.33,85.2
CH05,15:02:00,15.86,color,0.35,85.8
CH05,15:04:00,15.44,color,0.38,84.2
CH05,15:06:00,12.92,color,0.35,79.7
CH05,15:08:00,15.45,color,0.76,89.2
CH05,15:10:00,15.77,color,0.43,85.1
CH05,15:12:00,12.24,color,0.69,82.8
CH05,15:14:00,12.83,color,0.42,78.4
CH05,15:16:00,12.4,color,0.91,82.6
CH05,15:18:00,14.14,color,0.42,82.9
CH05,15:20:00,14.28,color,0.42,82.7
CH05,15:22:00,14.96,color,0.4,84.3
CH05,15:24:00,14.89,color,0.4,85.1
CH05,15:26:00,15.55,color,0.39,87.1
CH05,15:28:00,15.52,color,0.35,85.4
CH05,15:30:00,15.83,color,0.41,85.1
CH05,15:32:00,15.77,color,0.41,85.1
CH05,15:34:00,15.7,color,0.44,85.0
CH05,15:36:00,15.47,color,0.45,84.9
CH05,15:38:00,15.67,color,0.42,89.3
CH05,15:40:00,16.04,color,0.54,92.6
CH05,15:42:00,15.26,color,0.43,83.9
CH05,15:44:00,15.06,color,0.43,83.2
CH05,15:46:00,16.45,color,0.42,86.2
CH05,15:48:00,16.17,color,0.48,86.6
CH06,13:54:39,0.0,IR,0.32,133.5
CH06,13:56:39,0.0,IR,0.24,110.0
CH06,13:58:39,0.0,IR,0.39,126.7
CH06,14:00:00,0.0,IR,0.25,102.8
CH06,14:02:00,0.0,IR,0.36,127.0
CH06,14:04:00,0.0,IR,0.26,103.1
CH06,14:06:00,0.0,IR,0.26,108.6
CH06,14:08:00,0.0,IR,0.25,104.2
CH06,14:10:00,0.0,IR,0.25,105.5
CH06,14:12:00,0.0,IR,0.35,123.6
CH06,14:14:00,0.0,IR,0.35,127.8
CH06,14:16:00,0.0,IR,0.34,128.1
CH06,14:18:00,0.0,IR,0.27,110.6
CH06,14:20:00,0.0,IR,0.25,106.4
CH06,14:22:00,0.0,IR,0.26,108.3
CH06,14:24:00,0.0,IR,0.34,123.7
CH06,14:26:00,0.0,IR,0.35,128.8
CH06,14:28:00,0.0,IR,0.39,130.0
CH06,14:30:00,0.0,IR,0.31,124.3
CH06,14:32:00,0.0,IR,0.39,127.3
CH06,14:34:00,0.0,IR,0.29,126.3
CH06,14:36:00,0.0,IR,0.24,105.0
CH06,14:38:00,15.91,color,0.44,84.5
CH06,14:40:00,16.3,color,0.41,85.4
CH06,14:42:00,15.55,color,0.35,84.9
CH06,14:44:00,15.66,color,0.48,83.9
CH06,14:46:00,15.72,color,0.5,83.6
CH06,14:48:00,16.21,color,0.47,84.9
CH06,14:50:00,15.52,color,0.43,84.2
CH06,14:52:00,15.36,color,0.43,83.2
CH06,14:54:00,15.46,color,0.38,84.1
CH06,14:56:00,13.96,color,0.39,81.6
CH06,14:58:00,15.59,color,0.47,84.4
CH06,15:00:00,16.46,color,0.43,85.9
CH06,15:02:00,16.68,color,0.44,86.5
CH06,15:04:00,16.26,color,0.47,85.2
CH06,15:06:00,12.82,color,0.36,80.7
CH06,15:08:00,14.95,color,0.32,83.3
CH06,15:10:00,15.97,color,0.43,84.8
CH06,15:12:00,12.39,color,0.42,79.5
CH06,15:14:00,12.27,color,0.44,79.2
CH06,15:16:00,12.18,color,0.38,78.3
CH06,15:18:00,12.04,color,0.41,78.2
CH06,15:20:00,12.24,color,0.42,78.4
CH06,15:22:00,16.01,color,0.45,84.6
CH06,15:24:00,12.61,color,0.42,80.6
CH06,15:26:00,14.75,color,0.52,90.9
CH06,15:28:00,14.85,color,0.95,87.3
CH06,15:30:00,16.31,color,0.44,84.8
CH06,15:32:00,16.29,color,0.46,84.8
CH06,15:34:00,16.89,color,0.33,86.2
CH06,15:36:00,15.68,color,0.43,84.0
CH06,15:38:00,12.38,color,0.41,79.9
CH06,15:40:00,12.58,color,0.46,83.1
CH06,15:42:00,15.22,color,0.42,82.6
CH06,15:44:00,15.41,color,0.44,82.3
CH06,15:46:00,15.63,color,0.44,83.5
CH06,15:48:00,15.14,color,0.43,83.1
CH07,13:54:40,7.05,color,0.65,121.3
CH07,13:56:40,7.03,color,0.51,121.9
CH07,13:58:40,7.23,color,0.72,122.8
CH07,14:00:01,7.06,color,0.4,128.2
CH07,14:02:01,7.06,color,0.72,123.6
CH07,14:04:01,7.49,color,0.46,125.5
CH07,14:06:01,6.96,color,0.48,128.5
CH07,14:08:01,7.3,color,0.42,126.1
CH07,14:10:01,6.94,color,0.44,128.1
CH07,14:12:01,7.03,color,0.75,123.3
CH07,14:14:01,7.09,color,0.7,123.5
CH07,14:16:01,7.12,color,0.68,122.5
CH07,14:18:01,7.2,color,0.43,117.7
CH07,14:20:01,7.37,color,0.44,130.1
CH07,14:22:01,7.23,color,0.39,129.8
CH07,14:24:01,7.21,color,0.7,122.6
CH07,14:26:01,7.18,color,0.71,122.4
CH07,14:28:01,7.1,color,0.68,121.5
CH07,14:30:01,7.24,color,0.61,123.8
CH07,14:32:01,7.14,color,0.65,121.6
CH07,14:34:01,7.28,color,0.46,125.2
CH07,14:36:01,7.55,color,0.66,117.5
CH07,14:38:01,7.22,color,0.45,127.0
CH07,14:40:01,7.84,color,0.47,121.1
CH07,14:42:01,6.89,color,0.39,124.9
CH07,14:44:01,7.61,color,0.59,115.1
CH07,14:46:01,7.31,color,0.46,125.8
CH07,14:48:01,7.28,color,0.49,126.1
CH07,14:50:01,7.2,color,0.41,128.5
CH07,14:52:01,7.13,color,0.64,123.3
CH07,14:54:01,7.08,color,0.59,121.9
CH07,14:56:01,7.17,color,0.52,120.9
CH07,14:58:01,7.13,color,0.45,124.8
CH07,15:00:01,7.19,color,0.45,125.0
CH07,15:02:01,6.95,color,0.44,127.0
CH07,15:04:01,6.97,color,0.52,120.3
CH07,15:06:01,7.06,color,0.64,127.1
CH07,15:08:01,7.27,color,0.44,120.8
CH07,15:10:01,7.35,color,0.63,120.7
CH07,15:12:01,7.06,color,0.67,126.4
CH07,15:14:01,7.02,color,0.64,125.2
CH07,15:16:01,7.09,color,0.63,125.9
CH07,15:18:01,7.1,color,0.67,125.5
CH07,15:20:01,7.19,color,0.63,125.0
CH07,15:22:01,6.98,color,0.44,116.7
CH07,15:24:01,7.33,color,0.58,125.9
CH07,15:26:01,7.19,color,0.31,129.6
CH07,15:28:01,7.73,color,0.63,118.6
CH07,15:30:01,7.32,color,0.51,125.1
CH07,15:32:01,7.26,color,0.48,125.2
CH07,15:34:01,7.08,color,0.51,127.9
CH07,15:36:01,7.55,color,0.64,116.2
CH07,15:38:01,7.17,color,0.59,122.6
CH07,15:40:01,7.32,color,0.61,126.3
CH07,15:42:01,7.45,color,0.43,125.2
CH07,15:44:01,7.61,color,0.47,124.8
CH07,15:46:01,7.58,color,0.38,127.9
CH07,15:48:01,7.78,color,0.49,128.4
CH08,13:54:39,5.08,color,0.26,126.8
CH08,13:56:39,5.31,color,0.51,123.5
CH08,13:58:39,5.35,color,0.48,132.9
CH08,14:00:00,5.5,color,0.5,124.8
CH08,14:02:00,5.5,color,0.49,133.3
CH08,14:04:00,5.27,color,0.58,120.5
CH08,14:06:00,4.83,color,0.5,123.7
CH08,14:08:00,5.04,color,0.52,120.2
CH08,14:10:00,4.97,color,0.55,119.7
CH08,14:12:00,5.06,color,0.51,129.1
CH08,14:14:00,5.01,color,0.56,128.0
CH08,14:16:00,4.9,color,0.48,126.8
CH08,14:18:00,5.37,color,0.47,122.5
CH08,14:20:00,5.31,color,0.6,118.9
CH08,14:22:00,4.89,color,0.56,120.1
CH08,14:24:00,5.47,color,0.53,124.3
CH08,14:26:00,5.42,color,0.53,124.7
CH08,14:28:00,5.69,color,0.56,123.9
CH08,14:30:00,5.17,color,0.58,125.9
CH08,14:32:00,5.56,color,0.59,123.8
CH08,14:34:00,4.9,color,0.54,124.4
CH08,14:36:00,5.26,color,0.61,119.4
CH08,14:38:00,4.88,color,0.65,118.4
CH08,14:40:00,4.86,color,0.66,120.9
CH08,14:42:00,5.21,color,0.51,121.7
CH08,14:44:00,5.35,color,0.59,117.0
CH08,14:46:00,5.73,color,0.56,118.8
CH08,14:48:00,5.05,color,0.63,118.3
CH08,14:50:00,5.32,color,0.65,121.4
CH08,14:52:00,5.1,color,0.65,121.3
CH08,14:54:00,5.23,color,0.66,122.5
CH08,14:56:00,5.89,color,0.66,120.8
CH08,14:58:00,5.32,color,0.66,117.3
CH08,15:00:00,5.63,color,0.58,117.8
CH08,15:02:00,5.76,color,0.5,118.7
CH08,15:04:00,5.42,color,0.51,119.2
CH08,15:06:00,5.38,color,0.45,125.3
CH08,15:08:00,5.7,color,0.33,121.3
CH08,15:10:00,5.07,color,0.7,118.4
CH08,15:12:00,5.68,color,0.66,122.5
CH08,15:14:00,5.71,color,0.69,121.3
CH08,15:16:00,5.72,color,0.57,123.1
CH08,15:18:00,5.78,color,0.51,123.8
CH08,15:20:00,5.78,color,0.54,124.7
CH08,15:22:00,5.33,color,0.6,118.4
CH08,15:24:00,5.39,color,0.55,124.0
CH08,15:26:00,5.44,color,0.45,122.1
CH08,15:28:00,5.37,color,0.61,120.2
CH08,15:30:00,5.32,color,0.68,118.8
CH08,15:32:00,5.13,color,0.67,119.2
CH08,15:34:00,4.64,color,0.69,121.8
CH08,15:36:00,5.09,color,0.63,118.5
CH08,15:38:00,5.63,color,0.65,120.3
CH08,15:40:00,5.76,color,0.47,122.4
CH08,15:42:00,5.25,color,0.74,115.5
CH08,15:44:00,4.78,color,0.76,117.5
CH08,15:46:00,4.74,color,0.87,117.6
CH08,15:48:00,5.5,color,0.88,120.5
